-- MySQL dump 10.13  Distrib 8.3.0, for Win64 (x86_64)
--
-- Host: localhost    Database: asademo
-- ------------------------------------------------------
-- Server version	8.3.0

/*!40101 SET @OLD_CHARACTER_SET_CLIENT=@@CHARACTER_SET_CLIENT */;
/*!40101 SET @OLD_CHARACTER_SET_RESULTS=@@CHARACTER_SET_RESULTS */;
/*!40101 SET @OLD_COLLATION_CONNECTION=@@COLLATION_CONNECTION */;
/*!50503 SET NAMES utf8mb4 */;
/*!40103 SET @OLD_TIME_ZONE=@@TIME_ZONE */;
/*!40103 SET TIME_ZONE='+00:00' */;
/*!40014 SET @OLD_UNIQUE_CHECKS=@@UNIQUE_CHECKS, UNIQUE_CHECKS=0 */;
/*!40014 SET @OLD_FOREIGN_KEY_CHECKS=@@FOREIGN_KEY_CHECKS, FOREIGN_KEY_CHECKS=0 */;
/*!40101 SET @OLD_SQL_MODE=@@SQL_MODE, SQL_MODE='NO_AUTO_VALUE_ON_ZERO' */;
/*!40111 SET @OLD_SQL_NOTES=@@SQL_NOTES, SQL_NOTES=0 */;

--
-- Table structure for table `loan_orders`
--

DROP TABLE IF EXISTS `loan_orders`;
/*!40101 SET @saved_cs_client     = @@character_set_client */;
/*!50503 SET character_set_client = utf8mb4 */;
CREATE TABLE `loan_orders` (
  `id` int NOT NULL AUTO_INCREMENT,
  `person_id` int DEFAULT NULL,
  `invoice_no` varchar(255) DEFAULT NULL,
  `order_mode` varchar(255) DEFAULT NULL,
  `order_date` varchar(255) DEFAULT NULL,
  `user_id` int DEFAULT NULL,
  `transact_id` int DEFAULT NULL,
  `verified_by` int DEFAULT NULL,
  `bank_statement_path` varchar(255) DEFAULT NULL,
  `id_pathe` varchar(255) DEFAULT NULL,
  `gurantor_surname1` varchar(255) DEFAULT NULL,
  `gurantor_othername1` varchar(255) DEFAULT NULL,
  `gurantor_id_path1` varchar(255) DEFAULT NULL,
  `gurantor_surname2` varchar(255) DEFAULT NULL,
  `gurantor_othername2` varchar(255) DEFAULT NULL,
  `guarantor_id_path2` text,
  `company_cert_path` varchar(255) DEFAULT NULL,
  `company_memart_path` varchar(255) DEFAULT NULL,
  `doc_of_collatera_path` varchar(255) DEFAULT NULL,
  `lpo_doc_pathe` varchar(255) DEFAULT NULL,
  `loan_type` varchar(255) DEFAULT NULL,
  `loan_amt` decimal(15,2) DEFAULT NULL,
  `loan_period` varchar(255) DEFAULT NULL,
  `loan_repay_source` varchar(255) DEFAULT NULL,
  `b_v_n` varchar(255) DEFAULT NULL,
  `interest_pect` decimal(11,2) DEFAULT NULL,
  `interest_amt` decimal(11,2) DEFAULT NULL,
  `end_date_loan` varchar(255) DEFAULT NULL,
  `isLetter` varchar(255) DEFAULT NULL,
  `isCol_Loan` int DEFAULT NULL,
  `offer_l_upd` varchar(255) DEFAULT NULL,
  `total_interest_pect` decimal(11,2) DEFAULT NULL,
  `total_Loan_P_I` decimal(11,2) DEFAULT NULL,
  `mnth_pay` decimal(11,2) DEFAULT NULL,
  `principay_amt` decimal(11,2) DEFAULT NULL,
  `isCancel` int DEFAULT NULL,
  PRIMARY KEY (`id`)
) ENGINE=InnoDB DEFAULT CHARSET=utf8mb4 COLLATE=utf8mb4_0900_ai_ci;
/*!40101 SET character_set_client = @saved_cs_client */;

--
-- Dumping data for table `loan_orders`
--

LOCK TABLES `loan_orders` WRITE;
/*!40000 ALTER TABLE `loan_orders` DISABLE KEYS */;
/*!40000 ALTER TABLE `loan_orders` ENABLE KEYS */;
UNLOCK TABLES;

--
-- Table structure for table `order_details`
--

DROP TABLE IF EXISTS `order_details`;
/*!40101 SET @saved_cs_client     = @@character_set_client */;
/*!50503 SET character_set_client = utf8mb4 */;
CREATE TABLE `order_details` (
  `id` int NOT NULL AUTO_INCREMENT,
  `orders_id` int DEFAULT NULL,
  `product_id` int DEFAULT NULL,
  `qty_type` varchar(10) DEFAULT NULL,
  `quantity` decimal(11,2) DEFAULT NULL,
  `sales_price` decimal(11,2) DEFAULT NULL,
  `commisn_amt` decimal(11,2) DEFAULT NULL,
  `discount` decimal(11,2) DEFAULT NULL,
  `total_line` decimal(11,2) DEFAULT NULL,
  `total_costline` decimal(11,2) DEFAULT NULL,
  `gain` decimal(11,2) DEFAULT NULL,
  `unit_price` decimal(11,2) DEFAULT NULL,
  `time_id` int DEFAULT NULL,
  `basket_count` int DEFAULT NULL,
  `dated` varchar(25) DEFAULT NULL,
  `order_mode` varchar(25) DEFAULT NULL,
  `stock_bal` decimal(11,3) DEFAULT NULL,
  `stock_bal_value` decimal(11,2) DEFAULT NULL,
  `qty_bal` decimal(11,2) DEFAULT NULL,
  `vats_amount` decimal(11,2) DEFAULT NULL,
  `date_time` varchar(200) DEFAULT NULL,
  `manifacture_date` varchar(10) DEFAULT NULL,
  `expire_date` varchar(10) DEFAULT NULL,
  PRIMARY KEY (`id`)
) ENGINE=InnoDB AUTO_INCREMENT=33 DEFAULT CHARSET=latin1;
/*!40101 SET character_set_client = @saved_cs_client */;

--
-- Dumping data for table `order_details`
--

LOCK TABLES `order_details` WRITE;
/*!40000 ALTER TABLE `order_details` DISABLE KEYS */;
INSERT INTO `order_details` VALUES (1,1,127,'PACK',20.00,4000.00,0.00,0.00,78000.00,78000.00,0.00,3900.00,1,1,'2026-03-17','stockin',20.000,78000.00,20.00,0.00,'2026-03-17 16:47:26','0','0'),(2,2,141,'PACK',33.00,525.00,0.00,0.00,16830.00,16830.00,0.00,510.00,2,1,'2026-03-17','stockin',33.000,16830.00,33.00,0.00,'2026-03-17 16:47:32','0','0'),(3,3,771,'PACK',34.00,2500.00,0.00,0.00,68000.00,68000.00,0.00,2000.00,3,1,'2026-03-17','stockin',34.000,68000.00,34.00,0.00,'2026-03-17 16:47:45','0','0'),(4,4,643,'PACK',54.00,380.00,0.00,0.00,19980.00,19980.00,0.00,370.00,4,1,'2026-03-17','stockin',54.000,19980.00,54.00,0.00,'2026-03-17 16:47:56','0','0'),(5,5,405,'PACK',20.00,300.00,0.00,0.00,5600.00,5600.00,0.00,280.00,5,1,'2026-03-18','stockin',20.000,5600.00,20.00,0.00,'2026-03-18 08:04:28','0','0'),(6,6,407,'PACK',15.00,600.00,0.00,0.00,8250.00,8250.00,0.00,550.00,6,1,'2026-03-18','stockin',15.000,8250.00,15.00,0.00,'2026-03-18 08:04:35','0','0'),(7,7,160,'PACK',20.00,1060.00,0.00,0.00,21000.00,21000.00,0.00,1050.00,7,1,'2026-03-18','stockin',20.000,21000.00,20.00,0.00,'2026-03-18 08:04:43','0','0'),(8,8,738,'PACK',10.00,280.00,0.00,0.00,2750.00,2750.00,0.00,275.00,8,1,'2026-03-18','stockin',10.000,2750.00,10.00,0.00,'2026-03-18 08:04:51','0','0'),(9,9,123,'PACK',10.00,1750.00,0.00,0.00,17000.00,17000.00,0.00,1700.00,9,1,'2026-03-18','stockin',10.000,17000.00,10.00,0.00,'2026-03-18 08:04:59','0','0'),(10,10,724,'PACK',20.00,1020.00,0.00,0.00,20000.00,20000.00,0.00,1000.00,10,1,'2026-03-18','stockin',20.000,20000.00,20.00,0.00,'2026-03-18 08:05:14','0','0'),(11,11,105,'PACK',0.00,10500.00,0.00,0.00,0.00,0.00,0.00,10500.00,11,1,'2026-03-18','stockin',0.000,0.00,0.00,0.00,'2026-03-18 08:05:39','0','0'),(12,12,12,'PACK',0.00,6500.00,0.00,0.00,0.00,0.00,0.00,6000.00,12,1,'2026-03-18','stockin',0.000,0.00,0.00,0.00,'2026-03-18 08:05:44','0','0'),(13,13,245,'PACK',10.00,3500.00,0.00,0.00,34000.00,34000.00,0.00,3400.00,13,1,'2026-03-18','stockin',10.000,34000.00,10.00,0.00,'2026-03-18 08:06:35','0','0'),(14,14,127,'PACK',1.00,4000.00,0.00,0.00,4000.00,3900.00,100.00,NULL,14,1,'2026-03-18','Sold',-1.000,-4000.00,19.00,0.00,'2026-03-18 08:12:33','0','0'),(15,14,724,'PACK',1.00,1020.00,0.00,0.00,1020.00,1000.00,20.00,NULL,14,1,'2026-03-18','Sold',-1.000,-1020.00,19.00,0.00,'2026-03-18 08:12:33','0','0'),(16,14,245,'PACK',1.00,3500.00,0.00,0.00,3500.00,3400.00,100.00,NULL,14,1,'2026-03-18','Sold',-1.000,-3500.00,9.00,0.00,'2026-03-18 08:12:33','0','0'),(17,15,771,'PACK',30.00,2500.00,0.00,0.00,60000.00,60000.00,0.00,2000.00,15,1,'2026-03-18','stockin',30.000,60000.00,64.00,0.00,'2026-03-18 08:13:29','0','0'),(18,16,771,'PIECES',2.00,300.00,0.00,0.00,600.00,400.00,200.00,300.00,16,1,'2026-03-18','Sold',-0.200,-600.00,63.80,0.00,'2026-03-18 08:14:14','0','0'),(19,16,643,'PACK',2.00,380.00,0.00,100.00,660.00,740.00,-80.00,NULL,16,1,'2026-03-18','Sold',-2.000,-660.00,52.00,0.00,'2026-03-18 08:14:14','0','0'),(20,17,127,'PACK',1.00,4000.00,0.00,0.00,4000.00,3900.00,100.00,NULL,17,1,'2026-03-18','Sold',-1.000,-4000.00,18.00,0.00,'2026-03-18 11:24:52','0','0'),(21,18,245,'PACK',1.00,4000.00,0.00,0.00,4000.00,0.00,4000.00,460.00,18,1,'2026-03-29','Sold',-1.000,-4000.00,8.00,0.00,'2026-03-29 13:20:41','0','0'),(22,19,772,'PACK',20.00,2000.00,0.00,0.00,0.00,0.00,0.00,0.00,19,1,'2026-03-29','stockin',20.000,0.00,20.00,0.00,'2026-03-29 14:30:39','0','0'),(23,20,772,'PIECES',3.00,250.00,0.00,0.00,750.00,0.00,750.00,250.00,20,1,'2026-03-29','Sold',-0.300,-750.00,19.70,0.00,'2026-03-29 14:37:11','0','0'),(24,21,772,'PACK',1.00,2000.00,0.00,0.00,2000.00,0.00,2000.00,250.00,21,1,'2026-03-29','Sold',-1.000,-2000.00,18.70,0.00,'2026-03-29 14:42:04','0','0'),(25,21,771,'PACK',1.00,1000.00,0.00,0.00,1000.00,0.00,1000.00,120.00,21,1,'2026-03-29','Sold',-1.000,-1000.00,62.80,0.00,'2026-03-29 14:42:04','0','0'),(26,22,245,'PIECES',1.00,460.00,0.00,0.00,460.00,0.00,460.00,460.00,24,1,'2026-03-31','Sold',-0.100,-460.00,7.90,0.00,'2026-03-31 10:43:19','0','0'),(27,23,245,'PACK',7.00,4000.00,0.00,0.00,28000.00,0.00,28000.00,460.00,25,1,'2026-03-31','Sold',-7.000,-28000.00,0.90,0.00,'2026-03-31 10:43:38','0','0'),(28,24,245,'PIECES',1.00,460.00,0.00,0.00,460.00,0.00,460.00,460.00,26,1,'2026-03-31','Sold',-0.100,-460.00,0.80,0.00,'2026-03-31 10:44:27','0','0'),(29,25,245,'PIECES',1.00,460.00,0.00,0.00,460.00,0.00,460.00,460.00,27,1,'2026-03-31','Sold',-0.100,-460.00,0.70,0.00,'2026-03-31 10:44:37','0','0'),(30,26,141,'PACK',1.00,6000.00,0.00,0.00,6000.00,0.00,6000.00,630.00,28,1,'2026-03-31','Sold',-1.000,-6000.00,32.00,0.00,'2026-03-31 10:44:49','0','0'),(31,27,245,'PIECES',1.00,460.00,0.00,0.00,460.00,0.00,460.00,460.00,29,1,'2026-03-31','Sold',-0.100,-460.00,0.60,0.00,'2026-03-31 13:08:58','0','0'),(32,28,247,'PACK',80.00,0.00,0.00,0.00,0.00,0.00,0.00,0.00,30,1,'2026-03-31','stockin',80.000,0.00,80.00,0.00,'2026-03-31 13:09:21','0','0');
/*!40000 ALTER TABLE `order_details` ENABLE KEYS */;
UNLOCK TABLES;

--
-- Table structure for table `orders`
--

DROP TABLE IF EXISTS `orders`;
/*!40101 SET @saved_cs_client     = @@character_set_client */;
/*!50503 SET character_set_client = utf8mb4 */;
CREATE TABLE `orders` (
  `id` int NOT NULL AUTO_INCREMENT,
  `persons_id` varchar(250) NOT NULL,
  `invoice_no` varchar(25) NOT NULL,
  `order_mode` varchar(25) NOT NULL,
  `dates` varchar(25) NOT NULL,
  `store` varchar(250) NOT NULL,
  `users_id` int NOT NULL,
  `transact_id` int NOT NULL,
  PRIMARY KEY (`id`)
) ENGINE=InnoDB AUTO_INCREMENT=29 DEFAULT CHARSET=latin1;
/*!40101 SET character_set_client = @saved_cs_client */;

--
-- Dumping data for table `orders`
--

LOCK TABLES `orders` WRITE;
/*!40000 ALTER TABLE `orders` DISABLE KEYS */;
INSERT INTO `orders` VALUES (1,'19','1992001','stockin','2026-03-17','1',30,0),(2,'19','1992002','stockin','2026-03-17','1',30,0),(3,'19','1992003','stockin','2026-03-17','1',30,0),(4,'19','1992004','stockin','2026-03-17','1',30,0),(5,'19','1992005','stockin','2026-03-18','1',30,0),(6,'19','1992006','stockin','2026-03-18','1',30,0),(7,'19','1992007','stockin','2026-03-18','1',30,0),(8,'19','1992008','stockin','2026-03-18','1',30,0),(9,'19','1992009','stockin','2026-03-18','1',30,0),(10,'19','1992010','stockin','2026-03-18','1',30,0),(11,'19','1992011','stockin','2026-03-18','1',30,0),(12,'19','1992012','stockin','2026-03-18','1',30,0),(13,'19','1992013','stockin','2026-03-18','1',30,0),(14,'20','12014','Sold','2026-03-18','1',30,27),(15,'19','1992015','stockin','2026-03-18','1',30,0),(16,'20','12016','Sold','2026-03-18','1',30,33),(17,'20','12017','Sold','2026-03-18','1',30,37),(18,'20','12018','Sold','2026-03-29','1',30,41),(19,'19','1992019','stockin','2026-03-29','1',30,0),(20,'108','12020','Sold','2026-03-29','1',30,47),(21,'20','12021','Sold','2026-03-29','1',30,53),(22,'20','12022','Sold','2026-03-31','1',30,61),(23,'20','12023','Sold','2026-03-31','1',30,65),(24,'20','12024','Sold','2026-03-31','1',30,69),(25,'20','12025','Sold','2026-03-31','1',30,73),(26,'20','12026','Sold','2026-03-31','1',30,77),(27,'20','12027','Sold','2026-03-31','1',30,81),(28,'19','1992028','stockin','2026-03-31','1',30,0);
/*!40000 ALTER TABLE `orders` ENABLE KEYS */;
UNLOCK TABLES;

--
-- Table structure for table `persons`
--

DROP TABLE IF EXISTS `persons`;
/*!40101 SET @saved_cs_client     = @@character_set_client */;
/*!50503 SET character_set_client = utf8mb4 */;
CREATE TABLE `persons` (
  `id` int NOT NULL AUTO_INCREMENT,
  `contact_type` varchar(25) DEFAULT NULL,
  `ptype` varchar(25) DEFAULT NULL,
  `la_id` int DEFAULT '0',
  `full_name` varchar(25) DEFAULT NULL,
  `sex` varchar(6) DEFAULT NULL,
  `address` mediumtext,
  `dob` varchar(25) DEFAULT NULL,
  `phone_no` varchar(11) DEFAULT NULL,
  `city` varchar(25) DEFAULT NULL,
  `state` varchar(20) DEFAULT NULL,
  `email` varchar(255) DEFAULT NULL,
  `act_no` varchar(25) DEFAULT NULL,
  `passport` mediumtext,
  `isActive` tinyint(1) DEFAULT NULL,
  `postal_code` varchar(225) DEFAULT NULL,
  `store_id` int DEFAULT '0',
  `reg_date` varchar(25) DEFAULT NULL,
  `last_date_modified` varchar(100) DEFAULT NULL,
  `flg` varchar(20) DEFAULT NULL,
  PRIMARY KEY (`id`)
) ENGINE=InnoDB AUTO_INCREMENT=109 DEFAULT CHARSET=latin1;
/*!40101 SET character_set_client = @saved_cs_client */;

--
-- Dumping data for table `persons`
--

LOCK TABLES `persons` WRITE;
/*!40000 ALTER TABLE `persons` DISABLE KEYS */;
INSERT INTO `persons` VALUES (1,'SUBSIDIARY','CA',1,'PURCHASES ACCOUNT',NULL,NULL,NULL,NULL,NULL,NULL,NULL,NULL,NULL,NULL,NULL,0,NULL,NULL,NULL),(2,'SUBSIDIARY','CA',2,'SALES ACCOUNT',NULL,NULL,NULL,NULL,NULL,NULL,NULL,NULL,NULL,NULL,NULL,0,NULL,NULL,NULL),(3,'SUBSIDIARY','CA',3,'RETURN INWARD',NULL,NULL,NULL,NULL,NULL,NULL,NULL,NULL,NULL,NULL,NULL,0,NULL,NULL,NULL),(4,'SUBSIDIARY','CA',4,'RETURN OUTWARD',NULL,NULL,NULL,NULL,NULL,NULL,NULL,NULL,NULL,NULL,NULL,0,NULL,NULL,NULL),(5,'SUBSIDIARY','CA',5,'CASH ACCOUNT',NULL,NULL,NULL,NULL,NULL,NULL,NULL,NULL,NULL,NULL,NULL,0,NULL,NULL,NULL),(6,'SUBSIDIARY','CA',14,'OTHER INCOME','','','','','','','','20806','',1,'',1,'2022-04-18','2022-04-18 10:11:58','SHOW'),(7,'SUBSIDIARY','CA',13,'CAPITAL','','','','','','','','20807','',1,'',1,'2022-04-18','2022-04-18 10:12:14','SHOW'),(10,'SUPPLIERS','PA',0,'SPEGETII COMPANY11','MAlE','','','09044224477','','','','20810','',1,'',1,'2022-04-18','2024-01-27 07:28:39','SHOW'),(13,'SUBSIDIARY','CA',7,'ADMINISTRATIVE COST',NULL,NULL,NULL,NULL,NULL,NULL,NULL,'2018020813',NULL,1,'EXPENSES ',0,'',NULL,NULL),(14,'SUBSIDIARY','CA',7,'OPERATION COST',NULL,NULL,NULL,NULL,NULL,NULL,NULL,'2018020814',NULL,1,'EXPENSES ',0,'',NULL,NULL),(15,'SUBSIDIARY','CA',7,'FINANCE COST',NULL,NULL,NULL,NULL,NULL,NULL,NULL,'2018020815',NULL,1,'EXPENSES ',0,'',NULL,NULL),(16,'SUBSIDIARY','CA',8,'LAND',NULL,NULL,NULL,NULL,NULL,NULL,NULL,'2018020816',NULL,1,'ASSET ',0,'',NULL,NULL),(19,'STOCKIN',NULL,0,'GBAGI BRANCH',NULL,NULL,NULL,NULL,NULL,NULL,NULL,'20819',NULL,NULL,NULL,1,NULL,NULL,NULL),(20,'CUSTOMER','PA',0,'CASH SALES','MAlE','','','','','','','20820','',1,'',1,'2022-04-28','2022-04-28 15:44:14','SHOW'),(27,'SUBSIDIARY','CA',7,'OTHER EXPENSES',NULL,NULL,NULL,NULL,NULL,NULL,NULL,'2018020827',NULL,1,'EXPENSES ',0,'',NULL,NULL),(84,'STOCKIN',NULL,0,'',NULL,NULL,NULL,NULL,NULL,NULL,NULL,'20884',NULL,NULL,NULL,0,NULL,NULL,NULL),(94,'CUSTOMER','PA',0,'ADEMOLA SEUN','MAlE','lkslkf','','09033884422','','','seun@gmail.com','20894','',1,'',1,'2025-10-20','2025-10-20 09:03:34','SHOW'),(95,'SUBSIDIARY','CA',6,'FIRST BANK',NULL,NULL,NULL,NULL,NULL,NULL,NULL,'2018020895',NULL,1,'BANK',0,'',NULL,NULL),(96,'CUSTOMER','PA',0,'JANNAT','FEMALE','','','09044556643','','','','10096','',1,'',1,'2025-12-15 13:18:08','2025-12-15 13:18:28','SHOW'),(97,'SUPPLIERS','PA',0,'dangote','MALE','asdaas','','09022337440','','','dan@gmail.com','10097','',1,'',1,'2026-01-04 10:42:57','2026-01-04 10:42:57','SHOW'),(104,'SUBSIDIARY','CA',6,'WEMA',NULL,NULL,NULL,NULL,NULL,NULL,NULL,'0',NULL,1,'BANK',0,'2026-01-30',NULL,NULL),(105,'SUBSIDIARY','CA',7,'DSDDD',NULL,NULL,NULL,NULL,NULL,NULL,NULL,'0',NULL,1,'EXPENSES ',0,'2026-01-30',NULL,NULL),(106,'CUSTOMER','PA',0,'ademola','','','','09044555444','','','','10106','',1,'',1,'2026-03-21 10:27:33','2026-03-21 10:28:00','SHOW'),(107,'CUSTOMER','PA',0,'mama john alakia','','','','09033774455','','','','10107','',1,'',1,'2026-03-29 13:24:27','2026-03-29 13:24:47','SHOW'),(108,'CUSTOMER','PA',0,'mama ayo','','','','09022334456','','','','10108','',1,'',1,'2026-03-29 13:36:31','2026-03-29 13:36:31','SHOW');
/*!40000 ALTER TABLE `persons` ENABLE KEYS */;
UNLOCK TABLES;

--
-- Table structure for table `products`
--

DROP TABLE IF EXISTS `products`;
/*!40101 SET @saved_cs_client     = @@character_set_client */;
/*!50503 SET character_set_client = utf8mb4 */;
CREATE TABLE `products` (
  `id` int NOT NULL AUTO_INCREMENT,
  `product_name` varchar(25) DEFAULT NULL,
  `bar_code` varchar(300) DEFAULT NULL,
  `size` varchar(15) DEFAULT NULL,
  `selling_price` decimal(11,2) DEFAULT NULL,
  `unit_sell_price` decimal(11,2) DEFAULT NULL,
  `cost_price` decimal(11,2) DEFAULT NULL,
  `model` varchar(11) DEFAULT NULL,
  `brand` varchar(11) DEFAULT NULL,
  `category` varchar(25) DEFAULT NULL,
  `store_id` int DEFAULT NULL,
  `product_code` int DEFAULT NULL,
  `quantity` varchar(255) DEFAULT NULL,
  `dateid` int DEFAULT NULL,
  `user_id` int DEFAULT NULL,
  `vat_amtz` decimal(11,2) DEFAULT NULL,
  `flag` varchar(5) DEFAULT NULL,
  `piecies_value` varchar(30) DEFAULT NULL,
  PRIMARY KEY (`id`)
) ENGINE=InnoDB AUTO_INCREMENT=773 DEFAULT CHARSET=latin1;
/*!40101 SET character_set_client = @saved_cs_client */;

--
-- Dumping data for table `products`
--

LOCK TABLES `products` WRITE;
/*!40000 ALTER TABLE `products` DISABLE KEYS */;
INSERT INTO `products` VALUES (1,'D 5 BY 10S',NULL,'',0.00,0.00,0.00,'','','',1,6001,'0',0,31,0.00,'SHOW',NULL),(2,'GYNACOSID TAB 1',NULL,'',0.00,0.00,0.00,'','','',1,6002,'0',0,31,0.00,'SHOW',NULL),(3,'SWINOL',NULL,'',0.00,0.00,0.00,'','','',1,6003,'0',0,31,0.00,'SHOW',NULL),(4,'AMINOPHYLINE X1000',NULL,'',0.00,0.00,0.00,'','','',1,6004,'0',0,31,0.00,'SHOW',NULL),(5,'AMITRIPITYLINE X1000',NULL,'',0.00,0.00,0.00,'','','',1,6005,'0',0,31,0.00,'SHOW',NULL),(6,'MOGADOL',NULL,'',0.00,0.00,0.00,'','','',1,6006,'0',0,31,0.00,'SHOW',NULL),(7,'D5 X1000 VITA',NULL,'',0.00,0.00,0.00,'','','',1,6007,'0',0,31,0.00,'SHOW',NULL),(8,'NORGESIC',NULL,'',0.00,0.00,0.00,'','','',1,6008,'0',0,31,0.00,'SHOW',NULL),(9,'ASMANOL',NULL,'',0.00,0.00,0.00,'','','',1,6009,'0',0,31,0.00,'SHOW',NULL),(10,'PRIMOLUT N',NULL,'',0.00,0.00,0.00,'','','',1,6010,'0',0,31,0.00,'SHOW',NULL),(11,'NOFLEX TAB',NULL,'',0.00,0.00,0.00,'','','',1,6011,'0',0,31,0.00,'SHOW',NULL),(12,'50 MG',NULL,'',0.00,0.00,0.00,'','','',1,6012,'0',0,31,0.00,'SHOW',NULL),(13,'METRO IV',NULL,'',0.00,0.00,0.00,'','','',1,6013,'0',0,31,0.00,'SHOW',NULL),(14,'SILVER BIRD',NULL,'',0.00,0.00,0.00,'','','',1,6014,'0',0,31,0.00,'SHOW',NULL),(15,'CIPRO IV',NULL,'',0.00,0.00,0.00,'','','',1,6015,'0',0,31,0.00,'SHOW',NULL),(16,'NORMAL SALINE',NULL,'',0.00,0.00,0.00,'','','',1,6016,'0',0,31,0.00,'SHOW',NULL),(17,'PENT',NULL,'',0.00,0.00,0.00,'','','',1,6017,'0',0,31,0.00,'SHOW',NULL),(18,'CEFTRIAXONE INJ',NULL,'',0.00,0.00,0.00,'','','',1,6018,'0',0,31,0.00,'SHOW',NULL),(19,'A C T INJECTION',NULL,'',0.00,0.00,0.00,'','','',1,6019,'0',0,31,0.00,'SHOW',NULL),(20,'LAIDE',NULL,'',0.00,0.00,0.00,'','','',1,6020,'0',0,31,0.00,'SHOW',NULL),(21,'LAIDE 3MG',NULL,'',0.00,0.00,0.00,'','','',1,6021,'0',0,31,0.00,'SHOW',NULL),(22,'GENT 80MG',NULL,'',0.00,0.00,0.00,'','','',1,6022,'0',0,31,0.00,'SHOW',NULL),(23,'PEAMOL',NULL,'',0.00,0.00,0.00,'','','',1,6023,'0',0,31,0.00,'SHOW',NULL),(24,'CRYSTAPEN INJECTION',NULL,'',0.00,0.00,0.00,'','','',1,6024,'0',0,31,0.00,'SHOW',NULL),(25,'D5 INJ',NULL,'',0.00,0.00,0.00,'','','',1,6025,'0',0,31,0.00,'SHOW',NULL),(26,'C Q 30ML',NULL,'',0.00,0.00,0.00,'','','',1,6026,'0',0,31,0.00,'SHOW',NULL),(27,'PX10S',NULL,'',0.00,0.00,0.00,'','','',1,6027,'0',0,31,0.00,'SHOW',NULL),(28,'SCALP VIEN 21G',NULL,'',0.00,0.00,0.00,'','','',1,6028,'0',0,31,0.00,'SHOW',NULL),(29,'PX2',NULL,'',0.00,0.00,0.00,'','','',1,6029,'0',0,31,0.00,'SHOW',NULL),(30,'DESTROSE SALINE',NULL,'',0.00,0.00,0.00,'','','',1,6030,'0',0,31,0.00,'SHOW',NULL),(31,'FULCIN REAL',NULL,'',0.00,0.00,0.00,'','','',1,6031,'0',0,31,0.00,'SHOW',NULL),(32,'NEEDLE AND SYRINGE 5ML',NULL,'',0.00,0.00,0.00,'','','',1,6032,'0',0,31,0.00,'SHOW',NULL),(33,'WATER FOR',NULL,'',0.00,0.00,0.00,'','','',1,6033,'0',0,31,0.00,'SHOW',NULL),(34,'PEACE 100',NULL,'',0.00,0.00,0.00,'','','',1,6034,'0',0,31,0.00,'SHOW',NULL),(35,'HYDRO INJ',NULL,'',0.00,0.00,0.00,'','','',1,6035,'0',0,31,0.00,'SHOW',NULL),(36,'OMEPRAZOLE INJ',NULL,'',0.00,0.00,0.00,'','','',1,6036,'0',0,31,0.00,'SHOW',NULL),(37,'DESTROSE WATER ',NULL,'',0.00,0.00,0.00,'','','',1,6037,'0',0,31,0.00,'SHOW',NULL),(38,'RINGER DRIP',NULL,'',0.00,0.00,0.00,'','','',1,6038,'0',0,31,0.00,'SHOW',NULL),(39,'NEEDLES AND SYRINGE 2ML',NULL,'',0.00,0.00,0.00,'','','',1,6039,'0',0,31,0.00,'SHOW',NULL),(40,'LASIX INJ',NULL,'',0.00,0.00,0.00,'','','',1,6040,'0',0,31,0.00,'SHOW',NULL),(41,'PIROXICAM INJ',NULL,'',0.00,0.00,0.00,'','','',1,6041,'0',0,31,0.00,'SHOW',NULL),(42,'HALF STRENGHT',NULL,'',0.00,0.00,0.00,'','','',1,6042,'0',0,31,0.00,'SHOW',NULL),(43,'DELE  COTTON WOOL',NULL,'',0.00,0.00,0.00,'','','',1,6043,'0',0,31,0.00,'SHOW',NULL),(44,'FULL STRENGHT',NULL,'',0.00,0.00,0.00,'','','',1,6044,'0',0,31,0.00,'SHOW',NULL),(45,'PIRITON INJ',NULL,'',0.00,0.00,0.00,'','','',1,6045,'0',0,31,0.00,'SHOW',NULL),(46,'CONFORMGLOVE',NULL,'',0.00,0.00,0.00,'','','',1,6046,'0',0,31,0.00,'SHOW',NULL),(47,'CAF  INJ',NULL,'',0.00,0.00,0.00,'','','',1,6047,'0',0,31,0.00,'SHOW',NULL),(48,'CANULAR PINK',NULL,'',0.00,0.00,0.00,'','','',1,6048,'0',0,31,0.00,'SHOW',NULL),(49,'OXYTOCIN INJ',NULL,'',0.00,0.00,0.00,'','','',1,6049,'0',0,31,0.00,'SHOW',NULL),(50,'CANULAR YELLOW',NULL,'',0.00,0.00,0.00,'','','',1,6050,'0',0,31,0.00,'SHOW',NULL),(51,'NEEDLE 21G',NULL,'',0.00,0.00,0.00,'','','',1,6051,'0',0,31,0.00,'SHOW',NULL),(52,'BUS INJ',NULL,'',0.00,0.00,0.00,'','','',1,6052,'0',0,31,0.00,'SHOW',NULL),(53,'BUS INJ',NULL,'',0.00,0.00,0.00,'','','',1,6053,'0',0,31,0.00,'SHOW',NULL),(54,'STREPT',NULL,'',0.00,0.00,0.00,'','','',1,6054,'0',0,31,0.00,'SHOW',NULL),(55,'PLASIL INJ',NULL,'',0.00,0.00,0.00,'','','',1,6055,'0',0,31,0.00,'SHOW',NULL),(56,'EGORT INJ',NULL,'',0.00,0.00,0.00,'','','',1,6056,'0',0,31,0.00,'SHOW',NULL),(57,'QUINNE',NULL,'',0.00,0.00,0.00,'','','',1,6057,'0',0,31,0.00,'SHOW',NULL),(58,'CIMET INJ',NULL,'',0.00,0.00,0.00,'','','',1,6058,'0',0,31,0.00,'SHOW',NULL),(59,'PROMETHAZINE INJ',NULL,'',0.00,0.00,0.00,'','','',1,6059,'0',0,31,0.00,'SHOW',NULL),(60,'VIT B 12 INJ',NULL,'',0.00,0.00,0.00,'','','',1,6060,'0',0,31,0.00,'SHOW',NULL),(61,'DICLO INJ',NULL,'',0.00,0.00,0.00,'','','',1,6061,'0',0,31,0.00,'SHOW',NULL),(62,'PROGESTERON NJ',NULL,'',0.00,0.00,0.00,'','','',1,6062,'0',0,31,0.00,'SHOW',NULL),(63,'ARTESUNATE INJ',NULL,'',0.00,0.00,0.00,'','','',1,6063,'0',0,31,0.00,'SHOW',NULL),(64,'P TEST',NULL,'',0.00,0.00,0.00,'','','',1,6064,'0',0,31,0.00,'SHOW',NULL),(65,'NEEDLE 23G',NULL,'',0.00,0.00,0.00,'','','',1,6065,'0',0,31,0.00,'SHOW',NULL),(66,'AMOXY INJ',NULL,'',0.00,0.00,0.00,'','','',1,6066,'0',0,31,0.00,'SHOW',NULL),(67,'BCO INJ',NULL,'',0.00,0.00,0.00,'','','',1,6067,'0',0,31,0.00,'SHOW',NULL),(68,'CATHETER 16',NULL,'',0.00,0.00,0.00,'','','',1,6068,'0',0,31,0.00,'SHOW',NULL),(69,'CATHETER 18',NULL,'',0.00,0.00,0.00,'','','',1,6069,'0',0,31,0.00,'SHOW',NULL),(70,'PCM BOTTLE',NULL,'',0.00,0.00,0.00,'','','',1,6070,'0',0,31,0.00,'SHOW',NULL),(71,'ELBOW GLOVE',NULL,'',0.00,0.00,0.00,'','','',1,6071,'0',0,31,0.00,'SHOW',NULL),(72,'PCM AMPLE',NULL,'',0.00,0.00,0.00,'','','',1,6072,'0',0,31,0.00,'SHOW',NULL),(73,'AMPICILLIN INJ',NULL,'',0.00,0.00,0.00,'','','',1,6073,'0',0,31,0.00,'SHOW',NULL),(74,'VIT C INJ',NULL,'',0.00,0.00,0.00,'','','',1,6074,'0',0,31,0.00,'SHOW',NULL),(75,'NYLON GLOVE ',NULL,'',0.00,0.00,0.00,'','','',1,6075,'0',0,31,0.00,'SHOW',NULL),(76,'TESTOSTERON INJ',NULL,'',0.00,0.00,0.00,'','','',1,6076,'0',0,31,0.00,'SHOW',NULL),(77,'ADRELANIL INJ',NULL,'',0.00,0.00,0.00,'','','',1,6077,'0',0,31,0.00,'SHOW',NULL),(78,'OPEN$CLOSE',NULL,'',0.00,0.00,0.00,'','','',1,6078,'0',0,31,0.00,'SHOW',NULL),(79,'BLOOD BAG',NULL,'',0.00,0.00,0.00,'','','',1,6079,'0',0,31,0.00,'SHOW',NULL),(80,'NYLON 2 0',NULL,'',0.00,0.00,0.00,'','','',1,6080,'0',0,31,0.00,'SHOW',NULL),(81,'BLOOD G SET',NULL,'',0.00,0.00,0.00,'','','',1,6081,'0',0,31,0.00,'SHOW',NULL),(82,'AMINO INJ',NULL,'',0.00,0.00,0.00,'','','',1,6082,'0',0,31,0.00,'SHOW',NULL),(83,'C Q 5ML',NULL,'',0.00,0.00,0.00,'','','',1,6083,'0',0,31,0.00,'SHOW',NULL),(84,'CHROMIC 1',NULL,'',0.00,0.00,0.00,'','','',1,6084,'0',0,31,0.00,'SHOW',NULL),(85,'CROMIC20',NULL,'',0.00,0.00,0.00,'','','',1,6085,'0',0,31,0.00,'SHOW',NULL),(86,'NYLON 1',NULL,'',0.00,0.00,0.00,'','','',1,6086,'0',0,31,0.00,'SHOW',NULL),(87,'MUCUS EXTRACTOR',NULL,'',0.00,0.00,0.00,'','','',1,6087,'0',0,31,0.00,'SHOW',NULL),(88,'CHROMIC 2',NULL,'',0.00,0.00,0.00,'','','',1,6088,'0',0,31,0.00,'SHOW',NULL),(89,'PROCAIN PEN',NULL,'',0.00,0.00,0.00,'','','',1,6089,'0',0,31,0.00,'SHOW',NULL),(90,'CANULAR BLUE',NULL,'',0.00,0.00,0.00,'','','',1,6090,'0',0,31,0.00,'SHOW',NULL),(91,'INFERON INJ',NULL,'',0.00,0.00,0.00,'','','',1,6091,'0',0,31,0.00,'SHOW',NULL),(92,'CANULAR GREEN',NULL,'',0.00,0.00,0.00,'','','',1,6092,'0',0,31,0.00,'SHOW',NULL),(93,'G SET',NULL,'',0.00,0.00,0.00,'','','',1,6093,'0',0,31,0.00,'SHOW',NULL),(94,'KETAMIN INJ',NULL,'',0.00,0.00,0.00,'','','',1,6094,'0',0,31,0.00,'SHOW',NULL),(95,'7Â¹Â² GLOVE ',NULL,'',0.00,0.00,0.00,'','','',1,6095,'0',0,31,0.00,'SHOW',NULL),(96,'DEXA INJ',NULL,'',0.00,0.00,0.00,'','','',1,6096,'0',0,31,0.00,'SHOW',NULL),(97,'SCALP VIEN 21G',NULL,'',0.00,0.00,0.00,'','','',1,6097,'0',0,31,0.00,'SHOW',NULL),(98,'CALCIUM INJ',NULL,'',0.00,0.00,0.00,'','','',1,6098,'0',0,31,0.00,'SHOW',NULL),(99,'URINE BAG',NULL,'',0.00,0.00,0.00,'','','',1,6099,'0',0,31,0.00,'SHOW',NULL),(100,'LAGATI',NULL,'',0.00,0.00,0.00,'','','',1,6100,'0',0,31,0.00,'SHOW',NULL),(101,'VIT E INJ',NULL,'',0.00,0.00,0.00,'','','',1,6101,'0',0,31,0.00,'SHOW',NULL),(102,'LIDOCAIN INJ',NULL,'',0.00,0.00,0.00,'','','',1,6102,'0',0,31,0.00,'SHOW',NULL),(103,'VIT K 3 INJ',NULL,'',0.00,0.00,0.00,'','','',1,6103,'0',0,31,0.00,'SHOW',NULL),(104,'NYLON 2',NULL,'',0.00,0.00,0.00,'','','',1,6104,'0',0,31,0.00,'SHOW',NULL),(105,'4.3 DRIP',NULL,'',0.00,0.00,0.00,'','','',1,6105,'0',0,31,0.00,'SHOW',NULL),(106,'NYLON 0',NULL,'',0.00,0.00,0.00,'','','',1,6106,'0',0,31,0.00,'SHOW',NULL),(107,'CHROMIC 0',NULL,'',0.00,0.00,0.00,'','','',1,6107,'0',0,31,0.00,'SHOW',NULL),(108,'FUNMILAYO',NULL,'',0.00,0.00,0.00,'','','',1,6108,'0',0,31,0.00,'SHOW',NULL),(109,'AMILODIPIN 10MG',NULL,'',0.00,0.00,0.00,'','','',1,6109,'0',0,31,0.00,'SHOW',NULL),(110,'FERROUSX10S',NULL,'',0.00,0.00,0.00,'','','',1,6110,'0',0,31,0.00,'SHOW',NULL),(111,'AUG 1GM',NULL,'',0.00,0.00,0.00,'','','',1,6111,'0',0,31,0.00,'SHOW',NULL),(112,'FERROUSX1000',NULL,'',0.00,0.00,0.00,'','','',1,6112,'0',0,31,0.00,'SHOW',NULL),(113,'ANDREW SALT',NULL,'',0.00,0.00,0.00,'','','',1,6113,'0',0,31,0.00,'SHOW',NULL),(114,'FEED FINE',NULL,'',0.00,0.00,0.00,'','','',1,6114,'0',0,31,0.00,'SHOW',NULL),(115,'ARTELUMEX FORT',NULL,'',0.00,0.00,0.00,'','','',1,6115,'0',0,31,0.00,'SHOW',NULL),(116,'FRANOL',NULL,'',0.00,0.00,0.00,'','','',1,6116,'0',0,31,0.00,'SHOW',NULL),(117,'FLEMING SYR',NULL,'',0.00,0.00,0.00,'','','',1,6117,'0',0,31,0.00,'SHOW',NULL),(118,'AQUASULF CREAM',NULL,'',0.00,0.00,0.00,'','','',1,6118,'0',0,31,0.00,'SHOW',NULL),(119,'FOLICX10S',NULL,'',0.00,0.00,0.00,'','','',1,6119,'0',0,31,0.00,'SHOW',NULL),(120,'A S A BY 1000',NULL,'',0.00,0.00,0.00,'','','',1,6120,'0',0,31,0.00,'SHOW',NULL),(121,'FEED FINE PLUS',NULL,'',0.00,0.00,0.00,'','','',1,6121,'0',0,31,0.00,'SHOW',NULL),(122,'AMPICLOX BEECHAM DROP',NULL,'',0.00,0.00,0.00,'','','',1,6122,'0',0,31,0.00,'SHOW',NULL),(123,'AMPICLOX BEECHAM SYRUP',NULL,'',0.00,0.00,0.00,'','','',1,6123,'0',0,31,0.00,'SHOW',NULL),(124,'FELVIN20',NULL,'',0.00,0.00,0.00,'','','',1,6124,'0',0,31,0.00,'SHOW',NULL),(125,'A C T BY 24 ',NULL,'',0.00,0.00,0.00,'','','',1,6125,'0',0,31,0.00,'SHOW',NULL),(126,'ARAMULT CAP',NULL,'',0.00,0.00,0.00,'','','',1,6126,'0',0,31,0.00,'SHOW',NULL),(127,'FUNBACT A CREAM',NULL,'',2000.00,250.00,0.00,'','','',1,6127,'0',0,31,0.00,'SHOW','10'),(128,'AMPICLOX CAP ',NULL,'',0.00,0.00,0.00,'','','',1,6128,'0',0,31,0.00,'SHOW',NULL),(129,'AMPICILLIN CAP',NULL,'',0.00,0.00,0.00,'','','',1,6129,'0',0,31,0.00,'SHOW',NULL),(130,'FOLICX100',NULL,'',0.00,0.00,0.00,'','','',1,6130,'0',0,31,0.00,'SHOW',NULL),(131,'ARAMAC FORT WHITE ',NULL,'',0.00,0.00,0.00,'','','',1,6131,'0',0,31,0.00,'SHOW',NULL),(132,'ASTYFED BLUE',NULL,'',0.00,0.00,0.00,'','','',1,6132,'0',0,31,0.00,'SHOW',NULL),(133,'AMOXY 500 ',NULL,'',0.00,0.00,0.00,'','','',1,6133,'0',0,31,0.00,'SHOW',NULL),(134,'A C T BY 2 ',NULL,'',0.00,0.00,0.00,'','','',1,6134,'0',0,31,0.00,'SHOW',NULL),(135,'FLEMING  625',NULL,'',0.00,0.00,0.00,'','','',1,6135,'0',0,31,0.00,'SHOW',NULL),(136,'AMOXY 250',NULL,'',0.00,0.00,0.00,'','','',1,6136,'0',0,31,0.00,'SHOW',NULL),(137,'AMPICILLIN SYRUP ',NULL,'',0.00,0.00,0.00,'','','',1,6137,'0',0,31,0.00,'SHOW',NULL),(138,'AMOXY SYRUP  ',NULL,'',0.00,0.00,0.00,'','','',1,6138,'0',0,31,0.00,'SHOW',NULL),(139,'A C T BY 3',NULL,'',0.00,0.00,0.00,'','','',1,6139,'0',0,31,0.00,'SHOW',NULL),(140,'FLU J SYR',NULL,'',0.00,0.00,0.00,'','','',1,6140,'0',0,31,0.00,'SHOW',NULL),(141,'7 KEY ALADIN',NULL,'',6000.00,630.00,0.00,'','','',1,6141,'0',0,31,0.00,'SHOW','20'),(142,'AMPICLOX SYRUP ',NULL,'',0.00,0.00,0.00,'','','',1,6142,'0',0,31,0.00,'SHOW',NULL),(143,'FLUCONAZOLE 150',NULL,'',0.00,0.00,0.00,'','','',1,6143,'0',0,31,0.00,'SHOW',NULL),(144,'A C T BY 1',NULL,'',0.00,0.00,0.00,'','','',1,6144,'0',0,31,0.00,'SHOW',NULL),(145,'AMALAR TAB ',NULL,'',0.00,0.00,0.00,'','','',1,6145,'0',0,31,0.00,'SHOW',NULL),(146,'FLEMING 1GM',NULL,'',0.00,0.00,0.00,'','','',1,6146,'0',0,31,0.00,'SHOW',NULL),(147,'AFTER 5 ',NULL,'',0.00,0.00,0.00,'','','',1,6147,'0',0,31,0.00,'SHOW',NULL),(148,'FIT OMEGA',NULL,'',0.00,0.00,0.00,'','','',1,6148,'0',0,31,0.00,'SHOW',NULL),(149,'AMPICLOX (B) CAP',NULL,'',0.00,0.00,0.00,'','','',1,6149,'0',0,31,0.00,'SHOW',NULL),(150,'A C T SYRUP',NULL,'',0.00,0.00,0.00,'','','',1,6150,'0',0,31,0.00,'SHOW',NULL),(151,'FLU J TAB',NULL,'',0.00,0.00,0.00,'','','',1,6151,'0',0,31,0.00,'SHOW',NULL),(152,'ARAMAC ALU ALU ',NULL,'',0.00,0.00,0.00,'','','',1,6152,'0',0,31,0.00,'SHOW',NULL),(153,'PENTAX TAB',NULL,'',0.00,0.00,0.00,'','','',1,6153,'0',0,31,0.00,'SHOW',NULL),(154,'ATHROTEC 75MG',NULL,'',0.00,0.00,0.00,'','','',1,6154,'0',0,31,0.00,'SHOW',NULL),(155,'AMOXY(B)500',NULL,'',0.00,0.00,0.00,'','','',1,6155,'0',0,31,0.00,'SHOW',NULL),(156,'AMO BITTER SYRUP ',NULL,'',0.00,0.00,0.00,'','','',1,6156,'0',0,31,0.00,'SHOW',NULL),(157,'PAWAFENACX12',NULL,'',0.00,0.00,0.00,'','','',1,6157,'0',0,31,0.00,'SHOW',NULL),(158,'AUG 375',NULL,'',0.00,0.00,0.00,'','','',1,6158,'0',0,31,0.00,'SHOW',NULL),(159,'PREDX10S',NULL,'',0.00,0.00,0.00,'','','',1,6159,'0',0,31,0.00,'SHOW',NULL),(160,'AMATEM SOFT GEL 80480',NULL,'',0.00,0.00,0.00,'','','',1,6160,'0',0,31,0.00,'SHOW',NULL),(161,'PECTOL',NULL,'',0.00,0.00,0.00,'','','',1,6161,'0',0,31,0.00,'SHOW',NULL),(162,'AZITHROMYZINE TAB ',NULL,'',0.00,0.00,0.00,'','','',1,6162,'0',0,31,0.00,'SHOW',NULL),(163,'PIROXICAM CAP',NULL,'',0.00,0.00,0.00,'','','',1,6163,'0',0,31,0.00,'SHOW',NULL),(164,'AUG 625',NULL,'',0.00,0.00,0.00,'','','',1,6164,'0',0,31,0.00,'SHOW',NULL),(165,'AUG SYRUP ',NULL,'',0.00,0.00,0.00,'','','',1,6165,'0',0,31,0.00,'SHOW',NULL),(166,'PCM X1000',NULL,'',0.00,0.00,0.00,'','','',1,6166,'0',0,31,0.00,'SHOW',NULL),(167,'ARTELUMEX SYRUP ',NULL,'',0.00,0.00,0.00,'','','',1,6167,'0',0,31,0.00,'SHOW',NULL),(168,'PROCOLD',NULL,'',0.00,0.00,0.00,'','','',1,6168,'0',0,31,0.00,'SHOW',NULL),(169,'APETAMED SYRUP ',NULL,'',0.00,0.00,0.00,'','','',1,6169,'0',0,31,0.00,'SHOW',NULL),(170,'AYOBAMI SYRUP ',NULL,'',0.00,0.00,0.00,'','','',1,6170,'0',0,31,0.00,'SHOW',NULL),(171,'PIRITONX1000',NULL,'',0.00,0.00,0.00,'','','',1,6171,'0',0,31,0.00,'SHOW',NULL),(172,'AKANVIN SYRUP ',NULL,'',0.00,0.00,0.00,'','','',1,6172,'0',0,31,0.00,'SHOW',NULL),(173,'PYRANTRIN SYR',NULL,'',0.00,0.00,0.00,'','','',1,6173,'0',0,31,0.00,'SHOW',NULL),(174,'TETRACYCLINE BY 10S',NULL,'',0.00,0.00,0.00,'','','',1,6174,'0',0,31,0.00,'SHOW',NULL),(175,'PENICILIN OINT',NULL,'',0.00,0.00,0.00,'','','',1,6175,'0',0,31,0.00,'SHOW',NULL),(176,'ME CURE DEXA ',NULL,'',0.00,0.00,0.00,'','','',1,6176,'0',0,31,0.00,'SHOW',NULL),(177,'PYRANTRIN TAB',NULL,'',0.00,0.00,0.00,'','','',1,6177,'0',0,31,0.00,'SHOW',NULL),(178,'TOBIDEX',NULL,'',0.00,0.00,0.00,'','','',1,6178,'0',0,31,0.00,'SHOW',NULL),(179,'VITAKRIS TAB ',NULL,'',0.00,0.00,0.00,'','','',1,6179,'0',0,31,0.00,'SHOW',NULL),(180,'TANZOL TAB',NULL,'',0.00,0.00,0.00,'','','',1,6180,'0',0,31,0.00,'SHOW',NULL),(181,'PIROXICAM BLACK',NULL,'',0.00,0.00,0.00,'','','',1,6181,'0',0,31,0.00,'SHOW',NULL),(182,'TRIVIA TAB',NULL,'',0.00,0.00,0.00,'','','',1,6182,'0',0,31,0.00,'SHOW',NULL),(183,'P EXTRA',NULL,'',0.00,0.00,0.00,'','','',1,6183,'0',0,31,0.00,'SHOW',NULL),(184,'TABCIZOL SYRUP ',NULL,'',0.00,0.00,0.00,'','','',1,6184,'0',0,31,0.00,'SHOW',NULL),(185,'P BLUE',NULL,'',0.00,0.00,0.00,'','','',1,6185,'0',0,31,0.00,'SHOW',NULL),(186,'PRAISE JAH 500ML',NULL,'',0.00,0.00,0.00,'','','',1,6186,'0',0,31,0.00,'SHOW',NULL),(187,'TANCIZOL TAB ',NULL,'',0.00,0.00,0.00,'','','',1,6187,'0',0,31,0.00,'SHOW',NULL),(188,'PRAISE JAH750ML',NULL,'',0.00,0.00,0.00,'','','',1,6188,'0',0,31,0.00,'SHOW',NULL),(189,'T T POWER ',NULL,'',0.00,0.00,0.00,'','','',1,6189,'0',0,31,0.00,'SHOW',NULL),(190,'PENTAX EXTRA',NULL,'',0.00,0.00,0.00,'','','',1,6190,'0',0,31,0.00,'SHOW',NULL),(191,'PRAISE JAH200ML',NULL,'',0.00,0.00,0.00,'','','',1,6191,'0',0,31,0.00,'SHOW',NULL),(192,'MIM CAP',NULL,'',0.00,0.00,0.00,'','','',1,6192,'0',0,31,0.00,'SHOW',NULL),(193,'MUJID FORTE ',NULL,'',0.00,0.00,0.00,'','','',1,6193,'0',0,31,0.00,'SHOW',NULL),(194,'CALCMAX TAB',NULL,'',0.00,0.00,0.00,'','','',1,6194,'0',0,31,0.00,'SHOW',NULL),(195,'MUJID CIPRO ',NULL,'',0.00,0.00,0.00,'','','',1,6195,'0',0,31,0.00,'SHOW',NULL),(196,'CLIMPICLOX DROP',NULL,'',0.00,0.00,0.00,'','','',1,6196,'0',0,31,0.00,'SHOW',NULL),(197,'CAF EYE DP',NULL,'',0.00,0.00,0.00,'','','',1,6197,'0',0,31,0.00,'SHOW',NULL),(198,'MUJID Ã—12',NULL,'',0.00,0.00,0.00,'','','',1,6198,'0',0,31,0.00,'SHOW',NULL),(199,'CAF CAP',NULL,'',0.00,0.00,0.00,'','','',1,6199,'0',0,31,0.00,'SHOW',NULL),(200,'METRO SYR VITA',NULL,'',0.00,0.00,0.00,'','','',1,6200,'0',0,31,0.00,'SHOW',NULL),(201,'COTRIM BY10',NULL,'',0.00,0.00,0.00,'','','',1,6201,'0',0,31,0.00,'SHOW',NULL),(202,'COLD CAP ',NULL,'',0.00,0.00,0.00,'','','',1,6202,'0',0,31,0.00,'SHOW',NULL),(203,'MECURE DICLO  10Ã—10',NULL,'',0.00,0.00,0.00,'','','',1,6203,'0',0,31,0.00,'SHOW',NULL),(204,'CIPRO ORD',NULL,'',0.00,0.00,0.00,'','','',1,6204,'0',0,31,0.00,'SHOW',NULL),(205,'MEMBEDAZOLE ',NULL,'',0.00,0.00,0.00,'','','',1,6205,'0',0,31,0.00,'SHOW',NULL),(206,'CHEMORAL TAB',NULL,'',0.00,0.00,0.00,'','','',1,6206,'0',0,31,0.00,'SHOW',NULL),(207,'METROÃ—1000 (C)',NULL,'',0.00,0.00,0.00,'','','',1,6207,'0',0,31,0.00,'SHOW',NULL),(208,'CIMET 400MG',NULL,'',0.00,0.00,0.00,'','','',1,6208,'0',0,31,0.00,'SHOW',NULL),(209,'CALCIUM BY 100',NULL,'',0.00,0.00,0.00,'','','',1,6209,'0',0,31,0.00,'SHOW',NULL),(210,'MUJID DICLO Ã—10',NULL,'',0.00,0.00,0.00,'','','',1,6210,'0',0,31,0.00,'SHOW',NULL),(211,'CAL D 3',NULL,'',0.00,0.00,0.00,'','','',1,6211,'0',0,31,0.00,'SHOW',NULL),(212,'METRO Ã— 10',NULL,'',0.00,0.00,0.00,'','','',1,6212,'0',0,31,0.00,'SHOW',NULL),(213,'CALCIUM BY 1000',NULL,'',0.00,0.00,0.00,'','','',1,6213,'0',0,31,0.00,'SHOW',NULL),(214,'CUREFENAC 100',NULL,'',0.00,0.00,0.00,'','','',1,6214,'0',0,31,0.00,'SHOW',NULL),(215,'M AND BÃ—96',NULL,'',0.00,0.00,0.00,'','','',1,6215,'0',0,31,0.00,'SHOW',NULL),(216,'M&B SYR',NULL,'',0.00,0.00,0.00,'','','',1,6216,'0',0,31,0.00,'SHOW',NULL),(217,'CHEST AND LUNG',NULL,'',0.00,0.00,0.00,'','','',1,6217,'0',0,31,0.00,'SHOW',NULL),(218,'METRO 400',NULL,'',0.00,0.00,0.00,'','','',1,6218,'0',0,31,0.00,'SHOW',NULL),(219,'CYPRON CAP',NULL,'',0.00,0.00,0.00,'','','',1,6219,'0',0,31,0.00,'SHOW',NULL),(220,'CUREFENAC FORT',NULL,'',0.00,0.00,0.00,'','','',1,6220,'0',0,31,0.00,'SHOW',NULL),(221,'MATTHEW  WORMS ðŸª±',NULL,'',0.00,0.00,0.00,'','','',1,6221,'0',0,31,0.00,'SHOW',NULL),(222,'CIKATRIN POWDER',NULL,'',0.00,0.00,0.00,'','','',1,6222,'0',0,31,0.00,'SHOW',NULL),(223,'MIXADIN ',NULL,'',0.00,0.00,0.00,'','','',1,6223,'0',0,31,0.00,'SHOW',NULL),(224,'C A C SANDOZ',NULL,'',0.00,0.00,0.00,'','','',1,6224,'0',0,31,0.00,'SHOW',NULL),(225,'CENOX TAB',NULL,'',0.00,0.00,0.00,'','','',1,6225,'0',0,31,0.00,'SHOW',NULL),(226,'METRO (W)Ã—1000',NULL,'',0.00,0.00,0.00,'','','',1,6226,'0',0,31,0.00,'SHOW',NULL),(227,'CYTOTEC TAB',NULL,'',0.00,0.00,0.00,'','','',1,6227,'0',0,31,0.00,'SHOW',NULL),(228,'MULTÃ—1000',NULL,'',0.00,0.00,0.00,'','','',1,6228,'0',0,31,0.00,'SHOW',NULL),(229,'MIXANAL',NULL,'',0.00,0.00,0.00,'','','',1,6229,'0',0,31,0.00,'SHOW',NULL),(230,'CUREFENAC 50MG',NULL,'',0.00,0.00,0.00,'','','',1,6230,'0',0,31,0.00,'SHOW',NULL),(231,'MEKO VIT C GLUCOSE',NULL,'',0.00,0.00,0.00,'','','',1,6231,'0',0,31,0.00,'SHOW',NULL),(232,'CEFUROXIME SYRUP',NULL,'',0.00,0.00,0.00,'','','',1,6232,'0',0,31,0.00,'SHOW',NULL),(233,'KONFORT CAP',NULL,'',0.00,0.00,0.00,'','','',1,6233,'0',0,31,0.00,'SHOW',NULL),(234,'CUREGOLD TAB ',NULL,'',0.00,0.00,0.00,'','','',1,6234,'0',0,31,0.00,'SHOW',NULL),(235,'MEFINAC ALU ',NULL,'',0.00,0.00,0.00,'','','',1,6235,'0',0,31,0.00,'SHOW',NULL),(236,'CADIPHEN SYRUP',NULL,'',0.00,0.00,0.00,'','','',1,6236,'0',0,31,0.00,'SHOW',NULL),(237,'MANTRA PLUS SYRUP ',NULL,'',0.00,0.00,0.00,'','','',1,6237,'0',0,31,0.00,'SHOW',NULL),(238,'CHEMIRON CAP',NULL,'',0.00,0.00,0.00,'','','',1,6238,'0',0,31,0.00,'SHOW',NULL),(239,'CYPRI GOLD CAP',NULL,'',0.00,0.00,0.00,'','','',1,6239,'0',0,31,0.00,'SHOW',NULL),(240,'MANTRA PLUS TAB',NULL,'',0.00,0.00,0.00,'','','',1,6240,'0',0,31,0.00,'SHOW',NULL),(241,'SKINEAL CREAM',NULL,'',0.00,0.00,0.00,'','','',1,6241,'0',0,31,0.00,'SHOW',NULL),(242,'KETRAX 500',NULL,'',0.00,0.00,0.00,'','','',1,6242,'0',0,31,0.00,'SHOW',NULL),(243,'KISS CONDOM ',NULL,'',0.00,0.00,0.00,'','','',1,6243,'0',0,31,0.00,'SHOW',NULL),(244,'KENDICLO Ã—10',NULL,'',0.00,0.00,0.00,'','','',1,6244,'0',0,31,0.00,'SHOW',NULL),(245,'1000MG',NULL,'',4000.00,460.00,0.00,'','','',1,6245,'0',0,31,0.00,'SHOW','10'),(246,'KETO CREAM ',NULL,'',0.00,0.00,0.00,'','','',1,6246,'0',0,31,0.00,'SHOW',NULL),(247,'300MG',NULL,'',0.00,0.00,0.00,'','','',1,6247,'0',0,31,0.00,'SHOW',NULL),(248,'KETO TAB',NULL,'',0.00,0.00,0.00,'','','',1,6248,'0',0,31,0.00,'SHOW',NULL),(249,'GELUSILÃ—10 KRISHAT',NULL,'',0.00,0.00,0.00,'','','',1,6249,'0',0,31,0.00,'SHOW',NULL),(250,'SUDREX',NULL,'',0.00,0.00,0.00,'','','',1,6250,'0',0,31,0.00,'SHOW',NULL),(251,'KRISHAT BCOÃ—10',NULL,'',0.00,0.00,0.00,'','','',1,6251,'0',0,31,0.00,'SHOW',NULL),(252,'SPORIDEX 250MG',NULL,'',0.00,0.00,0.00,'','','',1,6252,'0',0,31,0.00,'SHOW',NULL),(253,'KIKDEPEIN',NULL,'',0.00,0.00,0.00,'','','',1,6253,'0',0,31,0.00,'SHOW',NULL),(254,'SHALTOUS SMALL SIZE',NULL,'',0.00,0.00,0.00,'','','',1,6254,'0',0,31,0.00,'SHOW',NULL),(255,'SURESIDAR',NULL,'',0.00,0.00,0.00,'','','',1,6255,'0',0,31,0.00,'SHOW',NULL),(256,'REXAL GEL',NULL,'',0.00,0.00,0.00,'','','',1,6256,'0',0,31,0.00,'SHOW',NULL),(257,'SHALTOUX SWEET BIG SIZE',NULL,'',0.00,0.00,0.00,'','','',1,6257,'0',0,31,0.00,'SHOW',NULL),(258,'SHAL ARTEM BY 4',NULL,'',0.00,0.00,0.00,'','','',1,6258,'0',0,31,0.00,'SHOW',NULL),(259,'RICCAMÃ—100',NULL,'',0.00,0.00,0.00,'','','',1,6259,'0',0,31,0.00,'SHOW',NULL),(260,'SUPER APETI',NULL,'',0.00,0.00,0.00,'','','',1,6260,'0',0,31,0.00,'SHOW',NULL),(261,'RAFERON 12',NULL,'',0.00,0.00,0.00,'','','',1,6261,'0',0,31,0.00,'SHOW',NULL),(262,'RETRAX TAB',NULL,'',0.00,0.00,0.00,'','','',1,6262,'0',0,31,0.00,'SHOW',NULL),(263,'SWIDAR BY 3',NULL,'',0.00,0.00,0.00,'','','',1,6263,'0',0,31,0.00,'SHOW',NULL),(264,'ROCEPHINE IV',NULL,'',0.00,0.00,0.00,'','','',1,6264,'0',0,31,0.00,'SHOW',NULL),(265,'COD LIVER OIL SYRUP',NULL,'',0.00,0.00,0.00,'','','',1,6265,'0',0,31,0.00,'SHOW',NULL),(266,'SILAPAIN NIGHT',NULL,'',0.00,0.00,0.00,'','','',1,6266,'0',0,31,0.00,'SHOW',NULL),(267,'SIVOFEMOL TAB',NULL,'',0.00,0.00,0.00,'','','',1,6267,'0',0,31,0.00,'SHOW',NULL),(268,'RIBOFLAVIN Ã—10',NULL,'',0.00,0.00,0.00,'','','',1,6268,'0',0,31,0.00,'SHOW',NULL),(269,'SUMO ACTIVE SYRUP',NULL,'',0.00,0.00,0.00,'','','',1,6269,'0',0,31,0.00,'SHOW',NULL),(270,'ROCEPHINE IM',NULL,'',0.00,0.00,0.00,'','','',1,6270,'0',0,31,0.00,'SHOW',NULL),(271,'STOP EKE',NULL,'',0.00,0.00,0.00,'','','',1,6271,'0',0,31,0.00,'SHOW',NULL),(272,'RIXANAL',NULL,'',0.00,0.00,0.00,'','','',1,6272,'0',0,31,0.00,'SHOW',NULL),(273,'SPIRIT LITTER ',NULL,'',0.00,0.00,0.00,'','','',1,6273,'0',0,31,0.00,'SHOW',NULL),(274,'RICCAM SP',NULL,'',0.00,0.00,0.00,'','','',1,6274,'0',0,31,0.00,'SHOW',NULL),(275,'A C T 80480',NULL,'',0.00,0.00,0.00,'','','',1,6275,'0',0,31,0.00,'SHOW',NULL),(276,'ROLL PLASTER SS',NULL,'',0.00,0.00,0.00,'','','',1,6276,'0',0,31,0.00,'SHOW',NULL),(277,'ROLL PLASTER MS',NULL,'',0.00,0.00,0.00,'','','',1,6277,'0',0,31,0.00,'SHOW',NULL),(278,'YEAST BY 1000',NULL,'',0.00,0.00,0.00,'','','',1,6278,'0',0,31,0.00,'SHOW',NULL),(279,'ROLL  PLASTER LS',NULL,'',0.00,0.00,0.00,'','','',1,6279,'0',0,31,0.00,'SHOW',NULL),(280,'YEAST BY 100',NULL,'',0.00,0.00,0.00,'','','',1,6280,'0',0,31,0.00,'SHOW',NULL),(281,'ROLL OF GUAZE ',NULL,'',0.00,0.00,0.00,'','','',1,6281,'0',0,31,0.00,'SHOW',NULL),(282,'ZEVIT TAB',NULL,'',0.00,0.00,0.00,'','','',1,6282,'0',0,31,0.00,'SHOW',NULL),(283,'REALLY  EXTRA',NULL,'',0.00,0.00,0.00,'','','',1,6283,'0',0,31,0.00,'SHOW',NULL),(284,'ZESTUP',NULL,'',0.00,0.00,0.00,'','','',1,6284,'0',0,31,0.00,'SHOW',NULL),(285,'XASTEN 1MG ',NULL,'',0.00,0.00,0.00,'','','',1,6285,'0',0,31,0.00,'SHOW',NULL),(286,'RICHECLOX CAP',NULL,'',0.00,0.00,0.00,'','','',1,6286,'0',0,31,0.00,'SHOW',NULL),(287,'WORMING 100',NULL,'',0.00,0.00,0.00,'','','',1,6287,'0',0,31,0.00,'SHOW',NULL),(288,'WORMING 500',NULL,'',0.00,0.00,0.00,'','','',1,6288,'0',0,31,0.00,'SHOW',NULL),(289,'ZINART 500',NULL,'',0.00,0.00,0.00,'','','',1,6289,'0',0,31,0.00,'SHOW',NULL),(290,'IBUGA H3',NULL,'',0.00,0.00,0.00,'','','',1,6290,'0',0,31,0.00,'SHOW',NULL),(291,'ZINART 250',NULL,'',0.00,0.00,0.00,'','','',1,6291,'0',0,31,0.00,'SHOW',NULL),(292,'YTACCAN PLUS',NULL,'',0.00,0.00,0.00,'','','',1,6292,'0',0,31,0.00,'SHOW',NULL),(293,'IBUGA H3 SRY ',NULL,'',0.00,0.00,0.00,'','','',1,6293,'0',0,31,0.00,'SHOW',NULL),(294,'ZINC TAB',NULL,'',0.00,0.00,0.00,'','','',1,6294,'0',0,31,0.00,'SHOW',NULL),(295,'IBUCAP FORTE',NULL,'',0.00,0.00,0.00,'','','',1,6295,'0',0,31,0.00,'SHOW',NULL),(296,'87KEYS',NULL,'',0.00,0.00,0.00,'','','',1,6296,'0',0,31,0.00,'SHOW',NULL),(297,'INDOCIDÃ—10',NULL,'',0.00,0.00,0.00,'','','',1,6297,'0',0,31,0.00,'SHOW',NULL),(298,'GLANIL TAB',NULL,'',0.00,0.00,0.00,'','','',1,6298,'0',0,31,0.00,'SHOW',NULL),(299,'IBUCAPÃ—20',NULL,'',0.00,0.00,0.00,'','','',1,6299,'0',0,31,0.00,'SHOW',NULL),(300,'GAUZE 4INC',NULL,'',0.00,0.00,0.00,'','','',1,6300,'0',0,31,0.00,'SHOW',NULL),(301,'IBUCAPÃ—25',NULL,'',0.00,0.00,0.00,'','','',1,6301,'0',0,31,0.00,'SHOW',NULL),(302,'GOMAXINE TAB',NULL,'',0.00,0.00,0.00,'','','',1,6302,'0',0,31,0.00,'SHOW',NULL),(303,'GESTID SYRUP',NULL,'',0.00,0.00,0.00,'','','',1,6303,'0',0,31,0.00,'SHOW',NULL),(304,'IBU 200',NULL,'',0.00,0.00,0.00,'','','',1,6304,'0',0,31,0.00,'SHOW',NULL),(305,'GOZA TAB',NULL,'',0.00,0.00,0.00,'','','',1,6305,'0',0,31,0.00,'SHOW',NULL),(306,'GLUCOSE TAB',NULL,'',0.00,0.00,0.00,'','','',1,6306,'0',0,31,0.00,'SHOW',NULL),(307,'IBUPAIN SYR MEYER 100ML ',NULL,'',0.00,0.00,0.00,'','','',1,6307,'0',0,31,0.00,'SHOW',NULL),(308,'IBUPAIN SYR MEYER 60ML ',NULL,'',0.00,0.00,0.00,'','','',1,6308,'0',0,31,0.00,'SHOW',NULL),(309,'GENT EYE&EAR',NULL,'',0.00,0.00,0.00,'','','',1,6309,'0',0,31,0.00,'SHOW',NULL),(310,'IBUPAIN SYR  ARCHY ',NULL,'',0.00,0.00,0.00,'','','',1,6310,'0',0,31,0.00,'SHOW',NULL),(311,'IBEX CAP',NULL,'',0.00,0.00,0.00,'','','',1,6311,'0',0,31,0.00,'SHOW',NULL),(312,'ERYTHRO SYRUP RICO',NULL,'',0.00,0.00,0.00,'','','',1,6312,'0',0,31,0.00,'SHOW',NULL),(313,'GLUFORMIN N G C',NULL,'',0.00,0.00,0.00,'','','',1,6313,'0',0,31,0.00,'SHOW',NULL),(314,'EUROCLOX CAP',NULL,'',0.00,0.00,0.00,'','','',1,6314,'0',0,31,0.00,'SHOW',NULL),(315,'GRISOFULXIN TAB',NULL,'',0.00,0.00,0.00,'','','',1,6315,'0',0,31,0.00,'SHOW',NULL),(316,'GOLD CIRCLE',NULL,'',0.00,0.00,0.00,'','','',1,6316,'0',0,31,0.00,'SHOW',NULL),(317,'ERYTHROMYCIN  TAB',NULL,'',0.00,0.00,0.00,'','','',1,6317,'0',0,31,0.00,'SHOW',NULL),(318,'GREEPE 6IN',NULL,'',0.00,0.00,0.00,'','','',1,6318,'0',0,31,0.00,'SHOW',NULL),(319,'GREEPE 3IN',NULL,'',0.00,0.00,0.00,'','','',1,6319,'0',0,31,0.00,'SHOW',NULL),(320,'EASY BITTER',NULL,'',0.00,0.00,0.00,'','','',1,6320,'0',0,31,0.00,'SHOW',NULL),(321,'ELAQUINEX10S',NULL,'',0.00,0.00,0.00,'','','',1,6321,'0',0,31,0.00,'SHOW',NULL),(322,'GUAZE 6IN',NULL,'',0.00,0.00,0.00,'','','',1,6322,'0',0,31,0.00,'SHOW',NULL),(323,'GLUCOPHAGE BY 30 ORIG',NULL,'',0.00,0.00,0.00,'','','',1,6323,'0',0,31,0.00,'SHOW',NULL),(324,'EPOEJA BC',NULL,'',0.00,0.00,0.00,'','','',1,6324,'0',0,31,0.00,'SHOW',NULL),(325,'EAR DP',NULL,'',0.00,0.00,0.00,'','','',1,6325,'0',0,31,0.00,'SHOW',NULL),(326,'ELASTO PLASTER',NULL,'',0.00,0.00,0.00,'',' ','',1,6326,'0',0,31,0.00,'SHOW',NULL),(327,'DANACID TAB 10',NULL,'',0.00,0.00,0.00,'','','',1,6327,'0',0,31,0.00,'SHOW',NULL),(328,'GREEPE 4IN',NULL,'',0.00,0.00,0.00,'','','',1,6328,'0',0,31,0.00,'SHOW',NULL),(329,'BRECLOMOL',NULL,'',0.00,0.00,0.00,'','','',1,6329,'0',0,31,0.00,'SHOW',NULL),(330,'OMEPRAZOLE TAB ',NULL,'',0.00,0.00,0.00,'','','',1,6330,'0',0,31,0.00,'SHOW',NULL),(331,'BRUSTAN N TAB',NULL,'',0.00,0.00,0.00,'','','',1,6331,'0',0,31,0.00,'SHOW',NULL),(332,'OSTOMED 10BY10 BLUE',NULL,'',0.00,0.00,0.00,'','','',1,6332,'0',0,31,0.00,'SHOW',NULL),(333,'BISACODYL',NULL,'',0.00,0.00,0.00,'','','',1,6333,'0',0,31,0.00,'SHOW',NULL),(334,'OSTOMED 10BY10 GREEN',NULL,'',0.00,0.00,0.00,'','','',1,6334,'0',0,31,0.00,'SHOW',NULL),(335,'BKB',NULL,'',0.00,0.00,0.00,'','','',1,6335,'0',0,31,0.00,'SHOW',NULL),(336,'BCOX10S',NULL,'',0.00,0.00,0.00,'','','',1,6336,'0',0,31,0.00,'SHOW',NULL),(337,'OSTEO TAB',NULL,'',0.00,0.00,0.00,'','','',1,6337,'0',0,31,0.00,'SHOW',NULL),(338,'BONADOLX1000',NULL,'',0.00,0.00,0.00,'','','',1,6338,'0',0,31,0.00,'SHOW',NULL),(339,'O R  S BY 5',NULL,'',0.00,0.00,0.00,'','','',1,6339,'0',0,31,0.00,'SHOW',NULL),(340,'BDMT',NULL,'',0.00,0.00,0.00,'','','',1,6340,'0',0,31,0.00,'SHOW',NULL),(341,'BCOX1000',NULL,'',0.00,0.00,0.00,'','','',1,6341,'0',0,31,0.00,'SHOW',NULL),(342,'OBRON 6 TAB',NULL,'',0.00,0.00,0.00,'','','',1,6342,'0',0,31,0.00,'SHOW',NULL),(343,'BROCOLYTE',NULL,'',0.00,0.00,0.00,'','','',1,6343,'0',0,31,0.00,'SHOW',NULL),(344,'OSTEO INHALER',NULL,'',0.00,0.00,0.00,'','','',1,6344,'0',0,31,0.00,'SHOW',NULL),(345,'ORHEPTAL CAP',NULL,'',0.00,0.00,0.00,'','','',1,6345,'0',0,31,0.00,'SHOW',NULL),(346,'BNS SHORT',NULL,'',0.00,0.00,0.00,'','','',1,6346,'0',0,31,0.00,'SHOW',NULL),(347,'BCO X100',NULL,'',0.00,0.00,0.00,'','','',1,6347,'0',0,31,0.00,'SHOW',NULL),(348,'O R S BY 3',NULL,'',0.00,0.00,0.00,'','','',1,6348,'0',0,31,0.00,'SHOW',NULL),(349,'DICLO YELLOW',NULL,'',0.00,0.00,0.00,'','','',1,6349,'0',0,31,0.00,'SHOW',NULL),(350,'OFLO 400MG ',NULL,'',0.00,0.00,0.00,'','','',1,6350,'0',0,31,0.00,'SHOW',NULL),(351,'LIQUID IRON SS',NULL,'',0.00,0.00,0.00,'','','',1,6351,'0',0,31,0.00,'SHOW',NULL),(352,'UPBION TAB',NULL,'',0.00,0.00,0.00,'','','',1,6352,'0',0,31,0.00,'SHOW',NULL),(353,'LABOCOFEXTRA',NULL,'',0.00,0.00,0.00,'','','',1,6353,'0',0,31,0.00,'SHOW',NULL),(354,'UPFENAC CAP',NULL,'',0.00,0.00,0.00,'','','',1,6354,'0',0,31,0.00,'SHOW',NULL),(355,'LEVOFEM',NULL,'',0.00,0.00,0.00,'','','',1,6355,'0',0,31,0.00,'SHOW',NULL),(356,'VITC WHITE BY 100',NULL,'',0.00,0.00,0.00,'','','',1,6356,'0',0,31,0.00,'SHOW',NULL),(357,'LOFNAC100',NULL,'',0.00,0.00,0.00,'','','',1,6357,'0',0,31,0.00,'SHOW',NULL),(358,'VITC COLOUR BY 100',NULL,'',0.00,0.00,0.00,'','','',1,6358,'0',0,31,0.00,'SHOW',NULL),(359,'LACLOX',NULL,'',0.00,0.00,0.00,'','','',1,6359,'0',0,31,0.00,'SHOW',NULL),(360,'LAXIS TAB',NULL,'',0.00,0.00,0.00,'','','',1,6360,'0',0,31,0.00,'SHOW',NULL),(361,'GLOBAL YOUNG VEGA 100 BLA',NULL,'',0.00,0.00,0.00,'','','',1,6361,'0',0,31,0.00,'SHOW',NULL),(362,'GLOBAL YOUNG VEGA 100 WHI',NULL,'',0.00,0.00,0.00,'','','',1,6362,'0',0,31,0.00,'SHOW',NULL),(363,'LISNOPRIL5MG',NULL,'',0.00,0.00,0.00,'','','',1,6363,'0',0,31,0.00,'SHOW',NULL),(364,'VASOPRIN',NULL,'',0.00,0.00,0.00,'','','',1,6364,'0',0,31,0.00,'SHOW',NULL),(365,'LOFNAC GEL',NULL,'',0.00,0.00,0.00,'','','',1,6365,'0',0,31,0.00,'SHOW',NULL),(366,'VENTOLINE INHALER',NULL,'',0.00,0.00,0.00,'','','',1,6366,'0',0,31,0.00,'SHOW',NULL),(367,'LISNOPRIL10MG',NULL,'',0.00,0.00,0.00,'','','',1,6367,'0',0,31,0.00,'SHOW',NULL),(368,'VENTOLINE BY 1000',NULL,'',0.00,0.00,0.00,'','','',1,6368,'0',0,31,0.00,'SHOW',NULL),(369,'LINCOMYCIN',NULL,'',0.00,0.00,0.00,'','','',1,6369,'0',0,31,0.00,'SHOW',NULL),(370,'VTADAR BY 3 TAB',NULL,'',0.00,0.00,0.00,'','','',1,6370,'0',0,31,0.00,'SHOW',NULL),(371,'LORATADINE ORD ',NULL,'',0.00,0.00,0.00,'','','',1,6371,'0',0,31,0.00,'SHOW',NULL),(372,'LIFLOXIN',NULL,'',0.00,0.00,0.00,'','','',1,6372,'0',0,31,0.00,'SHOW',NULL),(373,'VLLICINE BALM',NULL,'',0.00,0.00,0.00,'','','',1,6373,'0',0,31,0.00,'SHOW',NULL),(374,'LABOCOF ORD',NULL,'',0.00,0.00,0.00,'','','',1,6374,'0',0,31,0.00,'SHOW',NULL),(375,'LUMATEM X4',NULL,'',0.00,0.00,0.00,'','','',1,6375,'0',0,31,0.00,'SHOW',NULL),(376,'NGC GRISOFULSIN SYRUP',NULL,'',0.00,0.00,0.00,'','','',1,6376,'0',0,31,0.00,'SHOW',NULL),(377,'LOMOTIL',NULL,'',0.00,0.00,0.00,'','','',1,6377,'0',0,31,0.00,'SHOW',NULL),(378,'N G C  ADULT',NULL,'',0.00,0.00,0.00,'','','',1,6378,'0',0,31,0.00,'SHOW',NULL),(379,'JOSSY BITTER',NULL,'',0.00,0.00,0.00,'','','',1,6379,'0',0,31,0.00,'SHOW',NULL),(380,'N G C CHILD',NULL,'',0.00,0.00,0.00,'','','',1,6380,'0',0,31,0.00,'SHOW',NULL),(381,'JEMED',NULL,'',0.00,0.00,0.00,'','','',1,6381,'0',0,31,0.00,'SHOW',NULL),(382,'N G C TAB',NULL,'',0.00,0.00,0.00,'','','',1,6382,'0',0,31,0.00,'SHOW',NULL),(383,'JUBUCAP',NULL,'',0.00,0.00,0.00,'','','',1,6383,'0',0,31,0.00,'SHOW',NULL),(384,'NUFENAC BY 12',NULL,'',0.00,0.00,0.00,'','','',1,6384,'0',0,31,0.00,'SHOW',NULL),(385,'JAWARON TONIC',NULL,'',0.00,0.00,0.00,'','','',1,6385,'0',0,31,0.00,'SHOW',NULL),(386,'NUFENAN BY 10S',NULL,'',0.00,0.00,0.00,'','','',1,6386,'0',0,31,0.00,'SHOW',NULL),(387,'JAWACLOX SYR',NULL,'',0.00,0.00,0.00,'','','',1,6387,'0',0,31,0.00,'SHOW',NULL),(388,'JACTONE',NULL,'',0.00,0.00,0.00,'','','',1,6388,'0',0,31,0.00,'SHOW',NULL),(389,'NUFENAC 10BY10',NULL,'',0.00,0.00,0.00,'','','',1,6389,'0',0,31,0.00,'SHOW',NULL),(390,'JEOCAP',NULL,'',0.00,0.00,0.00,'','','',1,6390,'0',0,31,0.00,'SHOW',NULL),(391,'N C P 100ML',NULL,'',0.00,0.00,0.00,'','','',1,6391,'0',0,31,0.00,'SHOW',NULL),(392,'NESTAGESTIC10BY10',NULL,'',0.00,0.00,0.00,'','','',1,6392,'0',0,31,0.00,'SHOW',NULL),(393,'AFRAB DP',NULL,'',0.00,0.00,0.00,'','','',1,6393,'0',0,31,0.00,'SHOW',NULL),(394,'NIFECURE TAB',NULL,'',0.00,0.00,0.00,'','','',1,6394,'0',0,31,0.00,'SHOW',NULL),(395,'ABIDEC DP',NULL,'',0.00,0.00,0.00,'','','',1,6395,'0',0,31,0.00,'SHOW',NULL),(396,'CITRAMINE DP',NULL,'',0.00,0.00,0.00,'','','',1,6396,'0',0,31,0.00,'SHOW',NULL),(397,'N C P LS200ML',NULL,'',0.00,0.00,0.00,'','','',1,6397,'0',0,31,0.00,'SHOW',NULL),(398,'CATTAFED DP',NULL,'',0.00,0.00,0.00,'','','',1,6398,'0',0,31,0.00,'SHOW',NULL),(399,'N C P SS 50ML',NULL,'',0.00,0.00,0.00,'','','',1,6399,'0',0,31,0.00,'SHOW',NULL),(400,'COF N COLD DP',NULL,'',0.00,0.00,0.00,'','','',1,6400,'0',0,31,0.00,'SHOW',NULL),(401,'HYDICLO BY 12',NULL,'',0.00,0.00,0.00,'','','',1,6401,'0',0,31,0.00,'SHOW',NULL),(402,'AFRABVITE SYR',NULL,'',0.00,0.00,0.00,'','','',1,6402,'0',0,31,0.00,'SHOW',NULL),(403,'HROFEN ALU ALU',NULL,'',0.00,0.00,0.00,'','','',1,6403,'0',0,31,0.00,'SHOW',NULL),(404,'NOSE MASK',NULL,'',0.00,0.00,0.00,'','','',1,6404,'0',0,31,0.00,'SHOW',NULL),(405,'AFRAB LORATADINE SYR',NULL,'',0.00,0.00,0.00,'','','',1,6405,'0',0,31,0.00,'SHOW',NULL),(406,'DE DEONS SS',NULL,'',0.00,0.00,0.00,'','','',1,6406,'0',0,31,0.00,'SHOW',NULL),(407,'AFRAB LORATADINE ',NULL,'',0.00,0.00,0.00,'','','',1,6407,'0',0,31,0.00,'SHOW',NULL),(408,'AFRAB IBUPAIN SYR',NULL,'',0.00,0.00,0.00,'','','',1,6408,'0',0,31,0.00,'SHOW',NULL),(409,'AFRAB CAF SYR',NULL,'',0.00,0.00,0.00,'','','',1,6409,'0',0,31,0.00,'SHOW',NULL),(410,'DE DEONS BS',NULL,'',0.00,0.00,0.00,'','','',1,6410,'0',0,31,0.00,'SHOW',NULL),(411,'ANACIN TAB',NULL,'',0.00,0.00,0.00,'','','',1,6411,'0',0,31,0.00,'SHOW',NULL),(412,'DICLOMOL GEL',NULL,'',0.00,0.00,0.00,'','','',1,6412,'0',0,31,0.00,'SHOW',NULL),(413,'ABF CREAM',NULL,'',0.00,0.00,0.00,'','','',1,6413,'0',0,31,0.00,'SHOW',NULL),(414,'DICLOKRIS TAB',NULL,'',0.00,0.00,0.00,'','','',1,6414,'0',0,31,0.00,'SHOW',NULL),(415,'ARAMACX12',NULL,'',0.00,0.00,0.00,'','','',1,6415,'0',0,31,0.00,'SHOW',NULL),(416,'DICLOPEN 10BY10',NULL,'',0.00,0.00,0.00,'','','',1,6416,'0',0,31,0.00,'SHOW',NULL),(417,'DEEP RELIEF',NULL,'',0.00,0.00,0.00,'','','',1,6417,'0',0,31,0.00,'SHOW',NULL),(418,'ARAMAC FORTE SS',NULL,'',0.00,0.00,0.00,'','','',1,6418,'0',0,31,0.00,'SHOW',NULL),(419,'COF N COLD SYR',NULL,'',0.00,0.00,0.00,'','','',1,6419,'0',0,31,0.00,'SHOW',NULL),(420,'DOLO META B ',NULL,'',0.00,0.00,0.00,'','','',1,6420,'0',0,31,0.00,'SHOW',NULL),(421,'CATTAFED SYR',NULL,'',0.00,0.00,0.00,'','','',1,6421,'0',0,31,0.00,'SHOW',NULL),(422,'DOXY TAB ',NULL,'',0.00,0.00,0.00,'','','',1,6422,'0',0,31,0.00,'SHOW',NULL),(423,'CALCIMAX SYR',NULL,'',0.00,0.00,0.00,'','','',1,6423,'0',0,31,0.00,'SHOW',NULL),(424,'DICLOSIUT BY12',NULL,'',0.00,0.00,0.00,'','','',1,6424,'0',0,31,0.00,'SHOW',NULL),(425,'CITRAMINE SYR',NULL,'',0.00,0.00,0.00,'','','',1,6425,'0',0,31,0.00,'SHOW',NULL),(426,'DEXA BOTTLE 0.5',NULL,'',0.00,0.00,0.00,'','','',1,6426,'0',0,31,0.00,'SHOW',NULL),(427,'CATANIL SYR',NULL,'',0.00,0.00,0.00,'','','',1,6427,'0',0,31,0.00,'SHOW',NULL),(428,'DAONIL ORIGINAL',NULL,'',0.00,0.00,0.00,'','','',1,6428,'0',0,31,0.00,'SHOW',NULL),(429,'AVIPOL SYR ',NULL,'',0.00,0.00,0.00,'','','',1,6429,'0',0,31,0.00,'SHOW',NULL),(430,'DOUDART TAB ',NULL,'',0.00,0.00,0.00,'','','',1,6430,'0',0,31,0.00,'SHOW',NULL),(431,'DIKONGA TAB ',NULL,'',0.00,0.00,0.00,'','','',1,6431,'0',0,31,0.00,'SHOW',NULL),(432,'BABUFLAM',NULL,'',0.00,0.00,0.00,'','','',1,6432,'0',0,31,0.00,'SHOW',NULL),(433,'DIKKO 10BY10',NULL,'',0.00,0.00,0.00,'','','',1,6433,'0',0,31,0.00,'SHOW',NULL),(434,'BIOPHAGE',NULL,'',0.00,0.00,0.00,'','','',1,6434,'0',0,31,0.00,'SHOW',NULL),(435,'DICLO APPLE',NULL,'',0.00,0.00,0.00,'','','',1,6435,'0',0,31,0.00,'SHOW',NULL),(436,'BIOFLEX PCM SYR',NULL,'',0.00,0.00,0.00,'','','',1,6436,'0',0,31,0.00,'SHOW',NULL),(437,'BAOBABE SYR',NULL,'',0.00,0.00,0.00,'','','',1,6437,'0',0,31,0.00,'SHOW',NULL),(438,'BIOFLEX CQ SYR',NULL,'',0.00,0.00,0.00,'','','',1,6438,'0',0,31,0.00,'SHOW',NULL),(439,'BIOGYL SYR',NULL,'',0.00,0.00,0.00,'','','',1,6439,'0',0,31,0.00,'SHOW',NULL),(440,'SHALLOM BY 96',NULL,'',0.00,0.00,0.00,'','','',1,6440,'0',0,31,0.00,'SHOW',NULL),(441,'BIOFLEX VITC SYR',NULL,'',0.00,0.00,0.00,'','','',1,6441,'0',0,31,0.00,'SHOW',NULL),(442,'SHALLOM CALCIUM BY 10',NULL,'',0.00,0.00,0.00,'','','',1,6442,'0',0,31,0.00,'SHOW',NULL),(443,'SHALLOM P C M SYR 60ML',NULL,'',0.00,0.00,0.00,'','','',1,6443,'0',0,31,0.00,'SHOW',NULL),(444,'BIOFLEX EXPECTORANT SYR',NULL,'',0.00,0.00,0.00,'','','',1,6444,'0',0,31,0.00,'SHOW',NULL),(445,'SHALLOM PCM SYR 100ML',NULL,'',0.00,0.00,0.00,'','','',1,6445,'0',0,31,0.00,'SHOW',NULL),(446,'BOSKA',NULL,'',0.00,0.00,0.00,'','','',1,6446,'0',0,31,0.00,'SHOW',NULL),(447,'SHALLOM VIT C ',NULL,'',0.00,0.00,0.00,'','','',1,6447,'0',0,31,0.00,'SHOW',NULL),(448,'SHALLOM MULT SYRUP ',NULL,'',0.00,0.00,0.00,'','','',1,6448,'0',0,31,0.00,'SHOW',NULL),(449,'BONADOLX10S',NULL,'',0.00,0.00,0.00,'','','',1,6449,'0',0,31,0.00,'SHOW',NULL),(450,'BOND PCM SYR',NULL,'',0.00,0.00,0.00,'','','',1,6450,'0',0,31,0.00,'SHOW',NULL),(451,'BONDX96',NULL,'',0.00,0.00,0.00,'','','',1,6451,'0',0,31,0.00,'SHOW',NULL),(452,'SHALLOM COTRIM SYRUP',NULL,'',0.00,0.00,0.00,'','','',1,6452,'0',0,31,0.00,'SHOW',NULL),(453,'BONABABE',NULL,'',0.00,0.00,0.00,'','','',1,6453,'0',0,31,0.00,'SHOW',NULL),(454,'SHALLOM METRO SYRUP',NULL,'',0.00,0.00,0.00,'','','',1,6454,'0',0,31,0.00,'SHOW',NULL),(455,'CALCITAB',NULL,'',0.00,0.00,0.00,'','','',1,6455,'0',0,31,0.00,'SHOW',NULL),(456,'SHALLOM COF SS',NULL,'',0.00,0.00,0.00,'','','',1,6456,'0',0,31,0.00,'SHOW',NULL),(457,'SHALLOM COF MS',NULL,'',0.00,0.00,0.00,'','','',1,6457,'0',0,31,0.00,'SHOW',NULL),(458,'BABYCCAN MS',NULL,'',0.00,0.00,0.00,'','','',1,6458,'0',0,31,0.00,'SHOW',NULL),(459,'SHALLOM SPIRIT SS',NULL,'',0.00,0.00,0.00,'','','',1,6459,'0',0,31,0.00,'SHOW',NULL),(460,'BICOMBION SS',NULL,'',0.00,0.00,0.00,'','','',1,6460,'0',0,31,0.00,'SHOW',NULL),(461,'SHALLOM SPIRIT MS',NULL,'',0.00,0.00,0.00,'','','',1,6461,'0',0,31,0.00,'SHOW',NULL),(462,'SHALLOM EUSOL LOTION',NULL,'',0.00,0.00,0.00,'','','',1,6462,'0',0,31,0.00,'SHOW',NULL),(463,'BECOMBION  MS',NULL,'',0.00,0.00,0.00,'','','',1,6463,'0',0,31,0.00,'SHOW',NULL),(464,'SHALLOM CALAMINE LOTION',NULL,'',0.00,0.00,0.00,'','','',1,6464,'0',0,31,0.00,'SHOW',NULL),(465,'CIPROTABX10',NULL,'',0.00,0.00,0.00,'','','',1,6465,'0',0,31,0.00,'SHOW',NULL),(466,'SHALLOM B OF SODA',NULL,'',0.00,0.00,0.00,'','','',1,6466,'0',0,31,0.00,'SHOW',NULL),(467,'SHALLOM G V',NULL,'',0.00,0.00,0.00,'','','',1,6467,'0',0,31,0.00,'SHOW',NULL),(468,'CIPR0TABX14',NULL,'',0.00,0.00,0.00,'','','',1,6468,'0',0,31,0.00,'SHOW',NULL),(469,'SHALLOM METRO WHITE ',NULL,'',0.00,0.00,0.00,'','','',1,6469,'0',0,31,0.00,'SHOW',NULL),(470,'BONDURETIC',NULL,'',0.00,0.00,0.00,'','','',1,6470,'0',0,31,0.00,'SHOW',NULL),(471,'SHALLOM MAG N SS',NULL,'',0.00,0.00,0.00,'','','',1,6471,'0',0,31,0.00,'SHOW',NULL),(472,'SHALLOM N MS',NULL,'',0.00,0.00,0.00,'','','',1,6472,'0',0,31,0.00,'SHOW',NULL),(473,'BONDOMENT',NULL,'',0.00,0.00,0.00,'','','',1,6473,'0',0,31,0.00,'SHOW',NULL),(474,'SHALLOM MAG J SS ',NULL,'',0.00,0.00,0.00,'','','',1,6474,'0',0,31,0.00,'SHOW',NULL),(475,'MAYER BCO SYR',NULL,'',0.00,0.00,0.00,'','','',1,6475,'0',0,31,0.00,'SHOW',NULL),(476,'SHALLOM J MS',NULL,'',0.00,0.00,0.00,'','','',1,6476,'0',0,31,0.00,'SHOW',NULL),(477,'ASTYFER TONIC',NULL,'',0.00,0.00,0.00,'','','',1,6477,'0',0,31,0.00,'SHOW',NULL),(478,'SHALLOM MAG TAB BY 10S',NULL,'',0.00,0.00,0.00,'','','',1,6478,'0',0,31,0.00,'SHOW',NULL),(479,'MAG BY 1000',NULL,'',0.00,0.00,0.00,'','','',1,6479,'0',0,31,0.00,'SHOW',NULL),(480,'ASTYMIN TONIC',NULL,'',0.00,0.00,0.00,'','','',1,6480,'0',0,31,0.00,'SHOW',NULL),(481,'ASTYMIN CAP',NULL,'',0.00,0.00,0.00,'','','',1,6481,'0',0,31,0.00,'SHOW',NULL),(482,'ASTYFER CAP',NULL,'',0.00,0.00,0.00,'','','',1,6482,'0',0,31,0.00,'SHOW',NULL),(483,'AMINOGLOBIN',NULL,'',0.00,0.00,0.00,'','','',1,6483,'0',0,31,0.00,'SHOW',NULL),(484,'SO COF ADULT',NULL,'',0.00,0.00,0.00,'','','',1,6484,'0',0,31,0.00,'SHOW',NULL),(485,'AMLODIPINE 5MG',NULL,'',0.00,0.00,0.00,'','','',1,6485,'0',0,31,0.00,'SHOW',NULL),(486,'MURAK SPIRIT SS',NULL,'',0.00,0.00,0.00,'','','',1,6486,'0',0,31,0.00,'SHOW',NULL),(487,'CYPRIGOLD SS',NULL,'',0.00,0.00,0.00,'','','',1,6487,'0',0,31,0.00,'SHOW',NULL),(488,'MURAK SPIRIT MS',NULL,'',0.00,0.00,0.00,'','','',1,6488,'0',0,31,0.00,'SHOW',NULL),(489,'MURAK EUSOL LOTION',NULL,'',0.00,0.00,0.00,'','','',1,6489,'0',0,31,0.00,'SHOW',NULL),(490,'CYPRIGOLD MS',NULL,'',0.00,0.00,0.00,'','','',1,6490,'0',0,31,0.00,'SHOW',NULL),(491,'SINUFED TAB S K G',NULL,'',0.00,0.00,0.00,'','','',1,6491,'0',0,31,0.00,'SHOW',NULL),(492,'COFLIN NEW',NULL,'',0.00,0.00,0.00,'','','',1,6492,'0',0,31,0.00,'SHOW',NULL),(493,'SINUFED SYRUP',NULL,'',0.00,0.00,0.00,'','','',1,6493,'0',0,31,0.00,'SHOW',NULL),(494,'COFLIN OLD',NULL,'',0.00,0.00,0.00,'','','',1,6494,'0',0,31,0.00,'SHOW',NULL),(495,'ARCHY P C M SYRUP',NULL,'',0.00,0.00,0.00,'','','',1,6495,'0',0,31,0.00,'SHOW',NULL),(496,'COFMIX CHILD',NULL,'',0.00,0.00,0.00,'','','',1,6496,'0',0,31,0.00,'SHOW',NULL),(497,'ARCHY VIT C SYRUP',NULL,'',0.00,0.00,0.00,'','','',1,6497,'0',0,31,0.00,'SHOW',NULL),(498,'ARCHY B CO SYRUP',NULL,'',0.00,0.00,0.00,'','','',1,6498,'0',0,31,0.00,'SHOW',NULL),(499,'COFMIX ADULT',NULL,'',0.00,0.00,0.00,'','','',1,6499,'0',0,31,0.00,'SHOW',NULL),(500,'ACHYLLIN ADULT',NULL,'',0.00,0.00,0.00,'','','',1,6500,'0',0,31,0.00,'SHOW',NULL),(501,'COFEX SYR',NULL,'',0.00,0.00,0.00,'','','',1,6501,'0',0,31,0.00,'SHOW',NULL),(502,'PEACE PARA BY 96',NULL,'',0.00,0.00,0.00,'','','',1,6502,'0',0,31,0.00,'SHOW',NULL),(503,'COFTA SYR',NULL,'',0.00,0.00,0.00,'','','',1,6503,'0',0,31,0.00,'SHOW',NULL),(504,'PEACE PARA SYRUP',NULL,'',0.00,0.00,0.00,'','','',1,6504,'0',0,31,0.00,'SHOW',NULL),(505,'CENOCIDEX1000',NULL,'',0.00,0.00,0.00,'','','',1,6505,'0',0,31,0.00,'SHOW',NULL),(506,'PEACE VIT C SYRUP',NULL,'',0.00,0.00,0.00,'','','',1,6506,'0',0,31,0.00,'SHOW',NULL),(507,'CYPRIGOLD PLUS',NULL,'',0.00,0.00,0.00,'','','',1,6507,'0',0,31,0.00,'SHOW',NULL),(508,'PEACE MULU SYRUO',NULL,'',0.00,0.00,0.00,'','','',1,6508,'0',0,31,0.00,'SHOW',NULL),(509,'CYPRIVITE SS',NULL,'',0.00,0.00,0.00,'','','',1,6509,'0',0,31,0.00,'SHOW',NULL),(510,'PEACE IBU SYR',NULL,'',0.00,0.00,0.00,'','','',1,6510,'0',0,31,0.00,'SHOW',NULL),(511,'CYPRIVITE MS',NULL,'',0.00,0.00,0.00,'','','',1,6511,'0',0,31,0.00,'SHOW',NULL),(512,'PEACE C Q SYRUP',NULL,'',0.00,0.00,0.00,'','','',1,6512,'0',0,31,0.00,'SHOW',NULL),(513,'COFLAX ADULT',NULL,'',0.00,0.00,0.00,'','','',1,6513,'0',0,31,0.00,'SHOW',NULL),(514,'FAITH P C M SYRUP',NULL,'',0.00,0.00,0.00,'','','',1,6514,'0',0,31,0.00,'SHOW',NULL),(515,'COFLAX CHILD',NULL,'',0.00,0.00,0.00,'','','',1,6515,'0',0,31,0.00,'SHOW',NULL),(516,'FAITH VIT C SYRUP',NULL,'',0.00,0.00,0.00,'','','',1,6516,'0',0,31,0.00,'SHOW',NULL),(517,'CLEAR COF ADULT',NULL,'',0.00,0.00,0.00,'','','',1,6517,'0',0,31,0.00,'SHOW',NULL),(518,'FAITH MULT SYRUP',NULL,'',0.00,0.00,0.00,'','','',1,6518,'0',0,31,0.00,'SHOW',NULL),(519,'FAITH CALAMINE',NULL,'',0.00,0.00,0.00,'','','',1,6519,'0',0,31,0.00,'SHOW',NULL),(520,'CLEAR COF CHILD',NULL,'',0.00,0.00,0.00,'','','',1,6520,'0',0,31,0.00,'SHOW',NULL),(521,'GRICINI OF BORAX',NULL,'',0.00,0.00,0.00,'','','',1,6521,'0',0,31,0.00,'SHOW',NULL),(522,'BABYGESIC SYR',NULL,'',0.00,0.00,0.00,'','','',1,6522,'0',0,31,0.00,'SHOW',NULL),(523,'FAITH IBUPAIN SYRUP',NULL,'',0.00,0.00,0.00,'','','',1,6523,'0',0,31,0.00,'SHOW',NULL),(524,'ZENIRION SS',NULL,'',0.00,0.00,0.00,'','','',1,6524,'0',0,31,0.00,'SHOW',NULL),(525,'ZENIRON MS',NULL,'',0.00,0.00,0.00,'','','',1,6525,'0',0,31,0.00,'SHOW',NULL),(526,'ZENIRON GS',NULL,'',0.00,0.00,0.00,'','','',1,6526,'0',0,31,0.00,'SHOW',NULL),(527,'SALBUTAMOL SYRUP',NULL,'',0.00,0.00,0.00,'','','',1,6527,'0',0,31,0.00,'SHOW',NULL),(528,'FAMEX SALBUTAMOL SYRUP',NULL,'',0.00,0.00,0.00,'','','',1,6528,'0',0,31,0.00,'SHOW',NULL),(529,'SHAL ARTEM SYRUP',NULL,'',0.00,0.00,0.00,'','','',1,6529,'0',0,31,0.00,'SHOW',NULL),(530,'SUPER APETI SYRUP ',NULL,'',0.00,0.00,0.00,'','','',1,6530,'0',0,31,0.00,'SHOW',NULL),(531,'TRIBOTAN ADULT ',NULL,'',0.00,0.00,0.00,'','','',1,6531,'0',0,31,0.00,'SHOW',NULL),(532,'TRIBOTAN CHILD',NULL,'',0.00,0.00,0.00,'','','',1,6532,'0',0,31,0.00,'SHOW',NULL),(533,'TUXIL N CHILD',NULL,'',0.00,0.00,0.00,'','','',1,6533,'0',0,31,0.00,'SHOW',NULL),(534,'TUXIL N ADULT',NULL,'',0.00,0.00,0.00,'','','',1,6534,'0',0,31,0.00,'SHOW',NULL),(535,'TUXIL D CHILD',NULL,'',0.00,0.00,0.00,'','','',1,6535,'0',0,31,0.00,'SHOW',NULL),(536,'TUXIL D ADULT',NULL,'',0.00,0.00,0.00,'','','',1,6536,'0',0,31,0.00,'SHOW',NULL),(537,'PANDA DROP',NULL,'',0.00,0.00,0.00,'','','',1,6537,'0',0,31,0.00,'SHOW',NULL),(538,'VITA GOLD SS',NULL,'',0.00,0.00,0.00,'','','',1,6538,'0',0,31,0.00,'SHOW',NULL),(539,'PANDA SYRUP',NULL,'',0.00,0.00,0.00,'','','',1,6539,'0',0,31,0.00,'SHOW',NULL),(540,'VITA GOLD MS',NULL,'',0.00,0.00,0.00,'','','',1,6540,'0',0,31,0.00,'SHOW',NULL),(541,'SUPER MAG MS',NULL,'',0.00,0.00,0.00,'','','',1,6541,'0',0,31,0.00,'SHOW',NULL),(542,'PANDA COLD DROP',NULL,'',0.00,0.00,0.00,'','','',1,6542,'0',0,31,0.00,'SHOW',NULL),(543,'SUPER MAG SS',NULL,'',0.00,0.00,0.00,'','','',1,6543,'0',0,31,0.00,'SHOW',NULL),(544,'NOSPAMIN DROP',NULL,'',0.00,0.00,0.00,'','','',1,6544,'0',0,31,0.00,'SHOW',NULL),(545,'NO COF DROP',NULL,'',0.00,0.00,0.00,'','','',1,6545,'0',0,31,0.00,'SHOW',NULL),(546,'SOFAM USOL LOTION',NULL,'',0.00,0.00,0.00,'','','',1,6546,'0',0,31,0.00,'SHOW',NULL),(547,'SOFAM IODINE',NULL,'',0.00,0.00,0.00,'','','',1,6547,'0',0,31,0.00,'SHOW',NULL),(548,'NITROFURANTON BY 1000',NULL,'',0.00,0.00,0.00,'','','',1,6548,'0',0,31,0.00,'SHOW',NULL),(549,'SOFAM G.V',NULL,'',0.00,0.00,0.00,'','','',1,6549,'0',0,31,0.00,'SHOW',NULL),(550,'PAINILL TAB',NULL,'',0.00,0.00,0.00,'','','',1,6550,'0',0,31,0.00,'SHOW',NULL),(551,'PASSION ENERGY',NULL,'',0.00,0.00,0.00,'','','',1,6551,'0',0,31,0.00,'SHOW',NULL),(552,'SOFAM SPIRIT MS',NULL,'',0.00,0.00,0.00,'','','',1,6552,'0',0,31,0.00,'SHOW',NULL),(553,'NEOFYLIN SYRUP',NULL,'',0.00,0.00,0.00,'','','',1,6553,'0',0,31,0.00,'SHOW',NULL),(554,'MAXIQUIN SRUP',NULL,'',0.00,0.00,0.00,'','','',1,6554,'0',0,31,0.00,'SHOW',NULL),(555,'TUSSYLIN CHILD',NULL,'',0.00,0.00,0.00,'','','',1,6555,'0',0,31,0.00,'SHOW',NULL),(556,'IBU 400',NULL,'',0.00,0.00,0.00,'','','',1,6556,'0',0,31,0.00,'SHOW',NULL),(557,'PISCOF SYR',NULL,'',0.00,0.00,0.00,'','','',1,6557,'0',0,31,0.00,'SHOW',NULL),(558,'PROMETH SYR',NULL,'',0.00,0.00,0.00,'','','',1,6558,'0',0,31,0.00,'SHOW',NULL),(559,'IBUCAP COLD$FLU TAB',NULL,'',0.00,0.00,0.00,'','','',1,6559,'0',0,31,0.00,'SHOW',NULL),(560,'PICAGOLD SYR',NULL,'',0.00,0.00,0.00,'','','',1,6560,'0',0,31,0.00,'SHOW',NULL),(561,'IBUCAP COLD$FLU SYR',NULL,'',0.00,0.00,0.00,'','','',1,6561,'0',0,31,0.00,'SHOW',NULL),(562,'PRIMPEX SYR',NULL,'',0.00,0.00,0.00,'','','',1,6562,'0',0,31,0.00,'SHOW',NULL),(563,'PRIMPEX TAB',NULL,'',0.00,0.00,0.00,'','','',1,6563,'0',0,31,0.00,'SHOW',NULL),(564,'IRONGLOBIN TONIC',NULL,'',0.00,0.00,0.00,'','','',1,6564,'0',0,31,0.00,'SHOW',NULL),(565,'OROFER TONIC',NULL,'',0.00,0.00,0.00,'','','',1,6565,'0',0,31,0.00,'SHOW',NULL),(566,'HONEY GLOBIN ',NULL,'',0.00,0.00,0.00,'','','',1,6566,'0',0,31,0.00,'SHOW',NULL),(567,'HEMOFORCE PLUS',NULL,'',0.00,0.00,0.00,'','','',1,6567,'0',0,31,0.00,'SHOW',NULL),(568,'METRO 400 SKG',NULL,'',0.00,0.00,0.00,'','','',1,6568,'0',0,31,0.00,'SHOW',NULL),(569,'HEMOFORCE FORTE',NULL,'',0.00,0.00,0.00,'','','',1,6569,'0',0,31,0.00,'SHOW',NULL),(570,'HEAM F TONIC',NULL,'',0.00,0.00,0.00,'','','',1,6570,'0',0,31,0.00,'SHOW',NULL),(571,'METRO 200 W SKG',NULL,'',0.00,0.00,0.00,'','','',1,6571,'0',0,31,0.00,'SHOW',NULL),(572,'RON SYR SS',NULL,'',0.00,0.00,0.00,'','','',1,6572,'0',0,31,0.00,'SHOW',NULL),(573,'MOPSON  MULT SYR',NULL,'',0.00,0.00,0.00,'','','',1,6573,'0',0,31,0.00,'SHOW',NULL),(574,'HYDROGEN SS',NULL,'',0.00,0.00,0.00,'','','',1,6574,'0',0,31,0.00,'SHOW',NULL),(575,'NALIS PCM SYR',NULL,'',0.00,0.00,0.00,'','','',1,6575,'0',0,31,0.00,'SHOW',NULL),(576,'HYDROGEN MS',NULL,'',0.00,0.00,0.00,'','','',1,6576,'0',0,31,0.00,'SHOW',NULL),(577,'NALIS VIT C SYR',NULL,'',0.00,0.00,0.00,'','','',1,6577,'0',0,31,0.00,'SHOW',NULL),(578,'KOMIX',NULL,'',0.00,0.00,0.00,'','','',1,6578,'0',0,31,0.00,'SHOW',NULL),(579,'GASCOL ',NULL,'',0.00,0.00,0.00,'','','',1,6579,'0',0,31,0.00,'SHOW',NULL),(580,'NALOVITE YR ',NULL,'',0.00,0.00,0.00,'','','',1,6580,'0',0,31,0.00,'SHOW',NULL),(581,'PIROXIYOUNG RED',NULL,'',0.00,0.00,0.00,'','','',1,6581,'0',0,31,0.00,'SHOW',NULL),(582,'I B TONIC',NULL,'',0.00,0.00,0.00,'','','',1,6582,'0',0,31,0.00,'SHOW',NULL),(583,'PIROXIYOUNG GREEN',NULL,'',0.00,0.00,0.00,'','','',1,6583,'0',0,31,0.00,'SHOW',NULL),(584,'RAMCLOFORTE',NULL,'',0.00,0.00,0.00,'','','',1,6584,'0',0,31,0.00,'SHOW',NULL),(585,'PEACETONE SS',NULL,'',0.00,0.00,0.00,'','','',1,6585,'0',0,31,0.00,'SHOW',NULL),(586,'JORIS MAG',NULL,'',0.00,0.00,0.00,'','','',1,6586,'0',0,31,0.00,'SHOW',NULL),(587,'PEACETONE MS',NULL,'',0.00,0.00,0.00,'','','',1,6587,'0',0,31,0.00,'SHOW',NULL),(588,'PEACETONE GS',NULL,'',0.00,0.00,0.00,'','','',1,6588,'0',0,31,0.00,'SHOW',NULL),(589,'PEACE COOL',NULL,'',0.00,0.00,0.00,'','','',1,6589,'0',0,31,0.00,'SHOW',NULL),(590,'PEACE TONIC SS',NULL,'',0.00,0.00,0.00,'','','',1,6590,'0',0,31,0.00,'SHOW',NULL),(591,'JORIS EXPET',NULL,'',0.00,0.00,0.00,'','','',1,6591,'0',0,31,0.00,'SHOW',NULL),(592,'PEACE TONIC MS',NULL,'',0.00,0.00,0.00,'','','',1,6592,'0',0,31,0.00,'SHOW',NULL),(593,'JORIS KAOLIN',NULL,'',0.00,0.00,0.00,'','','',1,6593,'0',0,31,0.00,'SHOW',NULL),(594,'ORHEPTAL SS',NULL,'',0.00,0.00,0.00,'','','',1,6594,'0',0,31,0.00,'SHOW',NULL),(595,'OREHPTAL MS',NULL,'',0.00,0.00,0.00,'','','',1,6595,'0',0,31,0.00,'SHOW',NULL),(596,'JORIS SPIRIT',NULL,'',0.00,0.00,0.00,'','','',1,6596,'0',0,31,0.00,'SHOW',NULL),(597,'JAWAMOX SYR',NULL,'',0.00,0.00,0.00,'','','',1,6597,'0',0,31,0.00,'SHOW',NULL),(598,'ORHEPTAL GS',NULL,'',0.00,0.00,0.00,'','','',1,6598,'0',0,31,0.00,'SHOW',NULL),(599,'LIQUID IRON MS ',NULL,'',0.00,0.00,0.00,'','','',1,6599,'0',0,31,0.00,'SHOW',NULL),(600,'JAWASIL SS',NULL,'',0.00,0.00,0.00,'','','',1,6600,'0',0,31,0.00,'SHOW',NULL),(601,'JAWASIL MS',NULL,'',0.00,0.00,0.00,'','','',1,6601,'0',0,31,0.00,'SHOW',NULL),(602,'JAWARON TONIC SS',NULL,'',0.00,0.00,0.00,'','','',1,6602,'0',0,31,0.00,'SHOW',NULL),(603,'MIM TONIC SS',NULL,'',0.00,0.00,0.00,'','','',1,6603,'0',0,31,0.00,'SHOW',NULL),(604,'JAWACLOX DP',NULL,'',0.00,0.00,0.00,'','','',1,6604,'0',0,31,0.00,'SHOW',NULL),(605,'MIM SS',NULL,'',0.00,0.00,0.00,'','','',1,6605,'0',0,31,0.00,'SHOW',NULL),(606,'MIM DROP',NULL,'',0.00,0.00,0.00,'','','',1,6606,'0',0,31,0.00,'SHOW',NULL),(607,'MIMGLOBIN SYRUP',NULL,'',0.00,0.00,0.00,'','','',1,6607,'0',0,31,0.00,'SHOW',NULL),(608,'JAWARON CAP',NULL,'',0.00,0.00,0.00,'','','',1,6608,'0',0,31,0.00,'SHOW',NULL),(609,'MEDIK 55',NULL,'',0.00,0.00,0.00,'','','',1,6609,'0',0,31,0.00,'SHOW',NULL),(610,'GRAPE H2O MAYER SS',NULL,'',0.00,0.00,0.00,'','','',1,6610,'0',0,31,0.00,'SHOW',NULL),(611,'NISE PIRITON SYURP',NULL,'',0.00,0.00,0.00,'','','',1,6611,'0',0,31,0.00,'SHOW',NULL),(612,'NISE PLUS',NULL,'',0.00,0.00,0.00,'','','',1,6612,'0',0,31,0.00,'SHOW',NULL),(613,'GRIPE H2O MAYER MS',NULL,'',0.00,0.00,0.00,'','','',1,6613,'0',0,31,0.00,'SHOW',NULL),(614,'MOPSON PIRITON SYRUP',NULL,'',0.00,0.00,0.00,'','','',1,6614,'0',0,31,0.00,'SHOW',NULL),(615,'GRIPE H2O WW SS',NULL,'',0.00,0.00,0.00,'','','',1,6615,'0',0,31,0.00,'SHOW',NULL),(616,'EVANS PIRITON CHILD',NULL,'',0.00,0.00,0.00,'','','',1,6616,'0',0,31,0.00,'SHOW',NULL),(617,'EVANS MULT SYRUP',NULL,'',0.00,0.00,0.00,'','','',1,6617,'0',0,31,0.00,'SHOW',NULL),(618,'GRIPE H2O WW MS',NULL,'',0.00,0.00,0.00,'','','',1,6618,'0',0,31,0.00,'SHOW',NULL),(619,'RULOX SYR',NULL,'',0.00,0.00,0.00,'','','',1,6619,'0',0,31,0.00,'SHOW',NULL),(620,'EVANS PIRITON EXP ADULT',NULL,'',0.00,0.00,0.00,'','','',1,6620,'0',0,31,0.00,'SHOW',NULL),(621,'KING TONIC',NULL,'',0.00,0.00,0.00,'','','',1,6621,'0',0,31,0.00,'SHOW',NULL),(622,'POLYGEL SYRUP',NULL,'',0.00,0.00,0.00,'','','',1,6622,'0',0,31,0.00,'SHOW',NULL),(623,'MOKO SPIRIT',NULL,'',0.00,0.00,0.00,'','','',1,6623,'0',0,31,0.00,'SHOW',NULL),(624,'MOKO MAG',NULL,'',0.00,0.00,0.00,'','','',1,6624,'0',0,31,0.00,'SHOW',NULL),(625,'KIDIPROFEN',NULL,'',0.00,0.00,0.00,'','','',1,6625,'0',0,31,0.00,'SHOW',NULL),(626,'HEAPLER TONIC',NULL,'',0.00,0.00,0.00,'','','',1,6626,'0',0,31,0.00,'SHOW',NULL),(627,'MOKO B OF  SODA',NULL,'',0.00,0.00,0.00,'','','',1,6627,'0',0,31,0.00,'SHOW',NULL),(628,'HYDROCUT CREAM',NULL,'',0.00,0.00,0.00,'','','',1,6628,'0',0,31,0.00,'SHOW',NULL),(629,'MOKO NERVE &BONE',NULL,'',0.00,0.00,0.00,'','','',1,6629,'0',0,31,0.00,'SHOW',NULL),(630,'JAWAGY SYR',NULL,'',0.00,0.00,0.00,'','','',1,6630,'0',0,31,0.00,'SHOW',NULL),(631,'BENZY BENZOATE',NULL,'',0.00,0.00,0.00,'','','',1,6631,'0',0,31,0.00,'SHOW',NULL),(632,'MOKO CALAMINE LOTION',NULL,'',0.00,0.00,0.00,'','','',1,6632,'0',0,31,0.00,'SHOW',NULL),(633,'JAWATRIM SYR',NULL,'',0.00,0.00,0.00,'','','',1,6633,'0',0,31,0.00,'SHOW',NULL),(634,'GELACID SYR',NULL,'',0.00,0.00,0.00,'','','',1,6634,'0',0,31,0.00,'SHOW',NULL),(635,'MOKO G V',NULL,'',0.00,0.00,0.00,'','','',1,6635,'0',0,31,1480.00,'SHOW',NULL),(636,'JAWAVITE SYR',NULL,'',0.00,0.00,0.00,'','','',1,6636,'0',0,31,0.00,'SHOW',NULL),(637,'KIDIRON MS',NULL,'',0.00,0.00,0.00,'','','',1,6637,'0',0,31,0.00,'SHOW',NULL),(638,'MOKO EPSON SALT',NULL,'',0.00,0.00,0.00,'','','',1,6638,'0',0,31,0.00,'SHOW',NULL),(639,'KIDIRON SS',NULL,'',0.00,0.00,0.00,'','','',1,6639,'0',0,31,0.00,'SHOW',NULL),(640,'MOKO MIST PT CIT',NULL,'',0.00,0.00,0.00,'','','',1,6640,'0',0,31,0.00,'SHOW',NULL),(641,'KUFDRY CHILD',NULL,'',0.00,0.00,0.00,'','','',1,6641,'0',0,31,0.00,'SHOW',NULL),(642,'MOKO QUINNE SYR ',NULL,'',0.00,0.00,0.00,'','','',1,6642,'0',0,31,0.00,'SHOW',NULL),(643,'MOKO LIQUID PARAFIN',NULL,'',0.00,0.00,0.00,'','','',1,6643,'0',0,31,0.00,'SHOW',NULL),(644,'MOKO WORM SYRUP',NULL,'',0.00,0.00,0.00,'','','',1,6644,'0',0,31,0.00,'SHOW',NULL),(645,'P ALAXIN TAB',NULL,'',0.00,0.00,0.00,'','','',1,6645,'0',0,31,0.00,'SHOW',NULL),(646,'KUFDRY ADULT',NULL,'',0.00,0.00,0.00,'','','',1,6646,'0',0,31,0.00,'SHOW',NULL),(647,'P ALAXINE SYRUP',NULL,'',0.00,0.00,0.00,'','','',1,6647,'0',0,31,0.00,'SHOW',NULL),(648,'MYCOTEN TAB',NULL,'',0.00,0.00,0.00,'','','',1,6648,'0',0,31,0.00,'SHOW',NULL),(649,'MYCOTEN CREAM',NULL,'',0.00,0.00,0.00,'','','',1,6649,'0',0,31,0.00,'SHOW',NULL),(650,'NEUROGESTIC CREAM SS',NULL,'',0.00,0.00,0.00,'','','',1,6650,'0',0,31,0.00,'SHOW',NULL),(651,'LONART SYRUP',NULL,'',0.00,0.00,0.00,'','','',1,6651,'0',0,31,0.00,'SHOW',NULL),(652,'LONART DS',NULL,'',0.00,0.00,0.00,'','','',1,6652,'0',0,31,0.00,'SHOW',NULL),(653,'FOLIC ACID SYR',NULL,'',0.00,0.00,0.00,'','','',1,6653,'0',0,31,0.00,'SHOW',NULL),(654,'POWER HEAT CREAM',NULL,'',0.00,0.00,0.00,'','','',1,6654,'0',0,31,0.00,'SHOW',NULL),(655,'MALAGON TAB',NULL,'',0.00,0.00,0.00,'','','',1,6655,'0',0,31,0.00,'SHOW',NULL),(656,'FERROTOGEN TONIC',NULL,'',0.00,0.00,0.00,'','','',1,6656,'0',0,31,0.00,'SHOW',NULL),(657,'LOKMAL QS  TAB',NULL,'',0.00,0.00,0.00,'','','',1,6657,'0',0,31,0.00,'SHOW',NULL),(658,'MANTRA DROP',NULL,'',0.00,0.00,0.00,'','','',1,6658,'0',0,31,0.00,'SHOW',NULL),(659,'FEROBIN PLUS',NULL,'',0.00,0.00,0.00,'','','',1,6659,'0',0,31,0.00,'SHOW',NULL),(660,'MANTRA SYRUP',NULL,'',0.00,0.00,0.00,'','','',1,6660,'0',0,31,0.00,'SHOW',NULL),(661,'FEROBIN ORD',NULL,'',0.00,0.00,0.00,'','','',1,6661,'0',0,31,0.00,'SHOW',NULL),(662,'PANDA CAPT BY 96  ',NULL,'',0.00,0.00,0.00,'','','',1,6662,'0',0,31,0.00,'SHOW',NULL),(663,'FORPAIN',NULL,'',0.00,0.00,0.00,'','','',1,6663,'0',0,31,0.00,'SHOW',NULL),(664,'PYRAMIN TAB SULFADOXINE',NULL,'',0.00,0.00,0.00,'','','',1,6664,'0',0,31,0.00,'SHOW',NULL),(665,'LA-TESEN SYRP AFRAB',NULL,'',0.00,0.00,0.00,'','','',1,6665,'0',0,31,0.00,'SHOW',NULL),(666,'PHENOBABE SYRUP',NULL,'',0.00,0.00,0.00,'','','',1,6666,'0',0,31,0.00,'SHOW',NULL),(667,'EXIPLON ADULT',NULL,'',0.00,0.00,0.00,'','','',1,6667,'0',0,31,0.00,'SHOW',NULL),(668,'FEROTAL EXTRA SS',NULL,'',0.00,0.00,0.00,'','','',1,6668,'0',0,31,0.00,'SHOW',NULL),(669,'EMZOLYN ADULT',NULL,'',0.00,0.00,0.00,'','','',1,6669,'0',0,31,0.00,'SHOW',NULL),(670,'EMZOLYN CHILD',NULL,'',0.00,0.00,0.00,'','','',1,6670,'0',0,31,0.00,'SHOW',NULL),(671,'FEROTAL EXTRA MS',NULL,'',0.00,0.00,0.00,'','','',1,6671,'0',0,31,0.00,'SHOW',NULL),(672,'FEROTAL EXTRA GS',NULL,'',0.00,0.00,0.00,'','','',1,6672,'0',0,31,0.00,'SHOW',NULL),(673,'EMZOR PIRITONX10S',NULL,'',0.00,0.00,0.00,'','','',1,6673,'0',0,31,0.00,'SHOW',NULL),(674,'FEROVITAL TONIC',NULL,'',0.00,0.00,0.00,'','','',1,6674,'0',0,31,0.00,'SHOW',NULL),(675,'EMZOR X96',NULL,'',0.00,0.00,0.00,'','','',1,6675,'0',0,31,0.00,'SHOW',NULL),(676,'FARMEX TONIC',NULL,'',0.00,0.00,0.00,'','','',1,6676,'0',0,31,0.00,'SHOW',NULL),(677,'EMZOR SYR',NULL,'',0.00,0.00,0.00,'','','',1,6677,'0',0,31,0.00,'SHOW',NULL),(678,'FERODANA LS',NULL,'',0.00,0.00,0.00,'','','',1,6678,'0',0,31,0.00,'SHOW',NULL),(679,'EMVIT SYR',NULL,'',0.00,0.00,0.00,'','','',1,6679,'0',0,31,0.00,'SHOW',NULL),(680,'FERILEX JUNIOR',NULL,'',0.00,0.00,0.00,'','','',1,6680,'0',0,31,0.00,'SHOW',NULL),(681,'FERILEX TONIC SS',NULL,'',0.00,0.00,0.00,'','','',1,6681,'0',0,31,0.00,'SHOW',NULL),(682,'DIASTOP SYR',NULL,'',0.00,0.00,0.00,'','','',1,6682,'0',0,31,0.00,'SHOW',NULL),(683,'D.KOFF',NULL,'',0.00,0.00,0.00,'','','',1,6683,'0',0,31,0.00,'SHOW',NULL),(684,'FERILEX JUNIOR MS ',NULL,'',0.00,0.00,0.00,'','','',1,6684,'0',0,31,0.00,'SHOW',NULL),(685,'EPIDERM CREAM',NULL,'',0.00,0.00,0.00,'','','',1,6685,'0',0,31,0.00,'SHOW',NULL),(686,'FERILEX TONIC MS',NULL,'',0.00,0.00,0.00,'','','',1,6686,'0',0,31,0.00,'SHOW',NULL),(687,'DE TONIC GS',NULL,'',0.00,0.00,0.00,'','','',1,6687,'0',0,31,0.00,'SHOW',NULL),(688,'DE TONIC',NULL,'',0.00,0.00,0.00,'','','',1,6688,'0',0,31,0.00,'SHOW',NULL),(689,'EMCAP EXTRA ',NULL,'',0.00,0.00,0.00,'','','',1,6689,'0',0,31,0.00,'SHOW',NULL),(690,'EMCAP',NULL,'',0.00,0.00,0.00,'','','',1,6690,'0',0,31,0.00,'SHOW',NULL),(691,'DICLOMOL TAB',NULL,'',0.00,0.00,0.00,'','','',1,6691,'0',0,31,0.00,'SHOW',NULL),(692,'EMZOR B CO BY 100',NULL,'',0.00,0.00,0.00,'','','',1,6692,'0',0,31,0.00,'SHOW',NULL),(693,'EMZOR FOLIC BY 100',NULL,'',0.00,0.00,0.00,'','','',1,6693,'0',0,31,0.00,'SHOW',NULL),(694,'SPORIDEX 125MG',NULL,'',0.00,0.00,0.00,'','','',1,6694,'0',0,31,0.00,'SHOW',NULL),(695,'B N S LONG',NULL,'',0.00,0.00,0.00,'','','',1,6695,'0',0,31,0.00,'SHOW',NULL),(696,'B N S SHORT',NULL,'',0.00,0.00,0.00,'','','',1,6696,'0',0,31,0.00,'SHOW',NULL),(697,'DIFEC P FORT',NULL,'',0.00,0.00,0.00,'','','',1,6697,'0',0,31,0.00,'SHOW',NULL),(698,'CLOFENAC 100',NULL,'',0.00,0.00,0.00,'','','',1,6698,'0',0,31,0.00,'SHOW',NULL),(699,'CLOFENAC 50MG',NULL,'',0.00,0.00,0.00,'','','',1,6699,'0',0,31,0.00,'SHOW',NULL),(700,'AMOXY {B} SYRUP',NULL,'',0.00,0.00,0.00,'','','',1,6700,'0',0,31,0.00,'SHOW',NULL),(701,'PERILON',NULL,'',0.00,0.00,0.00,'','','',1,6701,'0',0,31,0.00,'SHOW',NULL),(702,'LORATYDYN HOVID',NULL,'',0.00,0.00,0.00,'','','',1,6702,'0',0,31,0.00,'SHOW',NULL),(703,'NEUROVITE FORT',NULL,'',0.00,0.00,0.00,'','','',1,6703,'0',0,31,0.00,'SHOW',NULL),(704,'CLOMID TAB',NULL,'',0.00,0.00,0.00,'','','',1,6704,'0',0,31,0.00,'SHOW',NULL),(705,'TOUCH &GO',NULL,'',0.00,0.00,0.00,'','','',1,6705,'0',0,31,0.00,'SHOW',NULL),(706,'TYDINEAL CREAM',NULL,'',0.00,0.00,0.00,'','','',1,6706,'0',0,31,0.00,'SHOW',NULL),(707,'CATAFLAM TAB',NULL,'',0.00,0.00,0.00,'','','',1,6707,'0',0,31,0.00,'SHOW',NULL),(708,'RIFAMPICILLIN',NULL,'',0.00,0.00,0.00,'','','',1,6708,'0',0,31,0.00,'SHOW',NULL),(709,'WELL WOMAN 50 PLUS',NULL,'',0.00,0.00,0.00,'','','',1,6709,'0',0,31,0.00,'SHOW',NULL),(710,'WELL WOMAN ORD',NULL,'',0.00,0.00,0.00,'','','',1,6710,'0',0,31,0.00,'SHOW',NULL),(711,'WELLMAN 50PLUS',NULL,'',0.00,0.00,0.00,'','','',1,6711,'0',0,31,0.00,'SHOW',NULL),(712,'WELLMAN ORD',NULL,'',0.00,0.00,0.00,'','','',1,6712,'0',0,31,0.00,'SHOW',NULL),(713,'PREGNANT CARE U K',NULL,'',0.00,0.00,0.00,'','','',1,6713,'0',0,31,0.00,'SHOW',NULL),(714,'KRISDOXINE ',NULL,'',0.00,0.00,0.00,'','','',1,6714,'0',0,31,0.00,'SHOW',NULL),(715,'LONART BY 24',NULL,'',0.00,0.00,0.00,'','','',1,6715,'0',0,31,0.00,'SHOW',NULL),(716,'KAMOL TAB',NULL,'',0.00,0.00,0.00,'','','',1,6716,'0',0,31,0.00,'SHOW',NULL),(717,'ABONIKI',NULL,'',0.00,0.00,0.00,'','','',1,6717,'0',0,31,0.00,'SHOW',NULL),(718,'DAY BY DAY VIT C',NULL,'',0.00,0.00,0.00,'','','',1,6718,'0',0,31,0.00,'SHOW',NULL),(719,'VIT C WHITE BY 1000',NULL,'',0.00,0.00,0.00,'','','',1,6719,'0',0,31,0.00,'SHOW',NULL),(720,'VIT C COLOUR BY 1000',NULL,'',0.00,0.00,0.00,'','','',1,6720,'0',0,31,0.00,'SHOW',NULL),(721,'NEO MEDROL',NULL,'',0.00,0.00,0.00,'','','',1,6721,'0',0,31,0.00,'SHOW',NULL),(722,'DOPATAB',NULL,'',0.00,0.00,0.00,'','','',1,6722,'0',0,31,0.00,'SHOW',NULL),(723,'CLAMIDE',NULL,'',0.00,0.00,0.00,'','','',1,6723,'0',0,31,0.00,'SHOW',NULL),(724,'OVACARE',NULL,'',5000.00,570.00,0.00,'','','',1,6724,'0',0,31,0.00,'SHOW','10'),(725,'OLIGO CARE',NULL,'',0.00,0.00,0.00,'','','',1,6725,'0',0,31,0.00,'SHOW',NULL),(726,'PARAGESICX96',NULL,'',0.00,0.00,0.00,'','','',1,6726,'0',0,31,0.00,'SHOW',NULL),(727,'AVOMIE',NULL,'',0.00,0.00,0.00,'','','',1,6727,'0',0,31,0.00,'SHOW',NULL),(728,'DEXAX1000',NULL,'',0.00,0.00,0.00,'','','',1,6728,'0',0,31,0.00,'SHOW',NULL),(729,'VIT A',NULL,'',0.00,0.00,0.00,'','','',1,6729,'0',0,31,0.00,'SHOW',NULL),(730,'VIT E',NULL,'',0.00,0.00,0.00,'','','',1,6730,'0',0,31,0.00,'SHOW',NULL),(732,'ARTESUNATE TAB',NULL,'',0.00,0.00,0.00,'','','',1,6732,'0',0,31,0.00,'SHOW',NULL),(733,'ZINART SYRUP',NULL,'',0.00,0.00,0.00,'','','',1,6733,'0',0,31,0.00,'SHOW',NULL),(734,'CEFUROXIME 500',NULL,'',0.00,0.00,0.00,'','','',1,6734,'0',0,31,0.00,'SHOW',NULL),(735,'PICCAN SYRUP',NULL,'',0.00,0.00,0.00,'','','',1,6735,'0',0,31,0.00,'SHOW',NULL),(736,'AMATEM BY 24',NULL,'',0.00,0.00,0.00,'','','',1,6736,'0',0,31,0.00,'SHOW',NULL),(737,'FIDSON VIT C SYRUP',NULL,'',0.00,0.00,0.00,'','','',1,6737,'0',0,31,0.00,'SHOW',NULL),(738,'AMOXY 250 BEECHAM',NULL,'',0.00,0.00,0.00,'','','',1,6738,'0',0,31,0.00,'SHOW',NULL),(739,'RONKTONE TONIC MS',NULL,'',0.00,0.00,0.00,'','','',1,6739,'0',0,31,0.00,'SHOW',NULL),(740,'FIDSON COTRIM SYRUP',NULL,'',0.00,0.00,0.00,'','','',1,6740,'0',0,31,0.00,'SHOW',NULL),(741,'TANZOL SYRUP',NULL,'',0.00,0.00,0.00,'','','',1,6741,'0',0,31,0.00,'SHOW',NULL),(742,'ORPHESIC TAB',NULL,'',0.00,0.00,0.00,'','','',1,6742,'0',0,31,0.00,'SHOW',NULL),(743,'RONKTONE MSS',NULL,'',0.00,0.00,0.00,'','','',1,6743,'0',0,31,0.00,'SHOW',NULL),(744,'RONKTONE GS',NULL,'',0.00,0.00,0.00,'','','',1,6744,'0',0,31,0.00,'SHOW',NULL),(745,'FLUCONAZOLE 200MG',NULL,'',0.00,0.00,0.00,'','','',1,6745,'0',0,31,0.00,'SHOW',NULL),(746,'OFLO 200',NULL,'',0.00,0.00,0.00,'','','',1,6746,'0',0,31,0.00,'SHOW',NULL),(747,'INDICLAVE 625MG',NULL,'',0.00,0.00,0.00,'','','',1,6747,'0',0,31,0.00,'SHOW',NULL),(748,'MATTHEW QUINN SYRUP',NULL,'',0.00,0.00,0.00,'','','',1,6748,'0',0,31,0.00,'SHOW',NULL),(749,'REXAL SYRUP',NULL,'',0.00,0.00,0.00,'','','',1,6749,'0',0,31,0.00,'SHOW',NULL),(750,'ADOXIL',NULL,'',0.00,0.00,0.00,'','','',1,6750,'0',0,31,0.00,'SHOW',NULL),(751,'D  5 INJECTION',NULL,'',0.00,0.00,0.00,'','','',1,6751,'0',0,31,0.00,'SHOW',NULL),(752,'KACHAM',NULL,'',0.00,0.00,0.00,'','','',1,6752,'0',0,31,0.00,'SHOW',NULL),(753,'LOFNAC GEL',NULL,'',0.00,0.00,0.00,'','','',1,6753,'0',0,31,0.00,'SHOW',NULL),(754,'MYCOTEN V CREAM',NULL,'',0.00,0.00,0.00,'','','',1,6754,'0',0,31,0.00,'SHOW',NULL),(755,'G DERM CREAM',NULL,'',0.00,0.00,0.00,'','','',1,6755,'0',0,31,0.00,'SHOW',NULL),(756,'DICLOPEN BY 10S',NULL,'',0.00,0.00,0.00,'','','',1,6756,'0',0,31,0.00,'SHOW',NULL),(757,'LISINOPRIL 10MG',NULL,'',0.00,0.00,0.00,'','','',1,6757,'0',0,31,0.00,'SHOW',NULL),(758,'LISINOPRIL 10MG',NULL,'',0.00,0.00,0.00,'','','',1,6758,'0',0,31,0.00,'SHOW',NULL),(759,'LISINOPRIL 5MG',NULL,'',0.00,0.00,0.00,'','','',1,6759,'0',0,31,0.00,'SHOW',NULL),(760,'AMATEM FORT 80480',NULL,'',0.00,0.00,0.00,'','','',1,6760,'0',0,31,0.00,'SHOW',NULL),(761,'AMARTEM 20120',NULL,'',0.00,0.00,0.00,'','','',1,6761,'0',0,31,0.00,'SHOW',NULL),(762,'MUJID 10BY10',NULL,'',0.00,0.00,0.00,'','','',1,6762,'0',0,31,0.00,'SHOW',NULL),(763,'XASTEN 0.5',NULL,'',0.00,0.00,0.00,'','','',1,6763,'0',0,31,0.00,'SHOW',NULL),(764,'CONTAFAM BY10S',NULL,'',0.00,0.00,0.00,'','','',1,6764,'0',0,31,0.00,'SHOW',NULL),(765,'AMLODIPINE 10MG',NULL,'',0.00,0.00,0.00,'','','',1,6765,'0',0,31,0.00,'SHOW',NULL),(766,'ALAKUKUN',NULL,'',0.00,0.00,0.00,'','','',1,6766,'0',0,31,0.00,'SHOW',NULL),(767,'C Q 30ML',NULL,'',0.00,0.00,0.00,'','','',1,6767,'0',0,31,0.00,'SHOW',NULL),(768,'PIRITON BY 10',NULL,'',4000.00,400.00,3000.00,'','','',1,6768,'0',0,31,0.00,'SHOW','10'),(769,'D KOFF',NULL,'',2500.00,750.00,1200.00,'','','',1,6769,'0',0,31,0.00,'SHOW','10'),(770,'MIM PENICILIN',NULL,'',0.00,0.00,0.00,'','','',1,6770,'0',0,31,0.00,'SHOW','10'),(771,'PARACETAMOL','','',1000.00,120.00,0.00,'','','',1,20771,'YES',1,30,0.00,'SHOW','10'),(772,'DRUG A','','',2000.00,250.00,0.00,'','','',1,20772,'YES',1,30,0.00,'SHOW','10');
/*!40000 ALTER TABLE `products` ENABLE KEYS */;
UNLOCK TABLES;

--
-- Table structure for table `products1`
--

DROP TABLE IF EXISTS `products1`;
/*!40101 SET @saved_cs_client     = @@character_set_client */;
/*!50503 SET character_set_client = utf8mb4 */;
CREATE TABLE `products1` (
  `id` int NOT NULL AUTO_INCREMENT,
  `product_name` varchar(25) DEFAULT NULL,
  `bar_code` varchar(100) DEFAULT NULL,
  `size` varchar(15) DEFAULT NULL,
  `selling_price` decimal(11,2) DEFAULT NULL,
  `unit_sell_price` decimal(11,2) DEFAULT NULL,
  `cost_price` decimal(11,2) DEFAULT NULL,
  `model` varchar(11) DEFAULT NULL,
  `brand` varchar(11) DEFAULT NULL,
  `category` varchar(25) DEFAULT NULL,
  `store_id` int DEFAULT NULL,
  `product_code` varchar(50) DEFAULT NULL,
  `quantity` varchar(255) DEFAULT NULL,
  `dateid` int DEFAULT NULL,
  `user_id` int DEFAULT NULL,
  `vat_amtz` decimal(11,2) DEFAULT NULL,
  `flag` varchar(5) DEFAULT NULL,
  `piecies_value` varchar(10) NOT NULL,
  `dated` varchar(50) DEFAULT NULL,
  PRIMARY KEY (`id`)
) ENGINE=InnoDB AUTO_INCREMENT=30 DEFAULT CHARSET=latin1;
/*!40101 SET character_set_client = @saved_cs_client */;

--
-- Dumping data for table `products1`
--

LOCK TABLES `products1` WRITE;
/*!40000 ALTER TABLE `products1` DISABLE KEYS */;
INSERT INTO `products1` VALUES (1,'CURTIN','','',20000.00,200.00,18000.00,'','','',1,'6001','0',0,32,0.00,'SHOW','100',NULL),(2,'SHEFON','','',1000.00,100.00,900.00,'','','',1,'6002','0',0,32,0.00,'SHOW','10',NULL),(3,'SHINNY ','','',228514.00,2400.00,0.00,'',' ','',1,'6003','0',0,32,0.00,'SHOW','97',NULL),(4,'DAMASK','','',45000.00,3000.00,0.00,'','','',1,'6004','0',0,32,0.00,'SHOW','87',NULL),(5,'TIE BACKS   ','','',2000.00,0.00,1700.00,'',' ','',1,'6005','0',0,32,0.00,'SHOW','0',NULL),(6,'POLE ','','',64000.00,6500.00,0.00,'',' ','',1,'6006','0',0,32,0.00,'SHOW','10',NULL),(7,'PLAIN VOIL','','',98000.00,1200.00,0.00,'','','',1,'6007','0',0,32,0.00,'SHOW','10',NULL),(8,'SDSD','','',10000.00,100.00,0.00,'','','',1,'6008','0',0,32,0.00,'SHOW','10.5',NULL),(9,'ROPE','','',332.00,2333.00,23.00,'',' ','',1,'6009','0',0,32,0.00,'SHOW','23',NULL),(10,'DINNING BEAD SMALL','','',65000.00,6500.00,0.00,'','','',1,'6010','0',0,40,0.00,'SHOW','10',NULL),(11,'BOARDER','','',214560.00,2400.00,0.00,'','','',1,'6011','0',0,40,0.00,'SHOW','30',NULL),(12,'SMALLEST PLAIN','','',204115.00,2400.00,0.00,'','','',1,'6012','0',0,40,0.00,'SHOW','30',NULL),(13,'MEDIUM PLAIN','','',234560.00,2700.00,0.00,'','','',1,'6013','0',0,40,0.00,'SHOW','15',NULL),(14,'BIG PLAIN','','',276780.00,3000.00,0.00,'','','',1,'6014','0',0,40,0.00,'SHOW','20',NULL),(15,'MATT','','',324560.00,4500.00,0.00,'','','',1,'6015','0',0,40,0.00,'SHOW','20',NULL),(16,'DADA','','',150000.00,3000.00,0.00,'','','',1,'6016','0',0,40,0.00,'SHOW','50',NULL),(17,'FRINGES','','',130000.00,13000.00,0.00,'','','',1,'6017','0',0,40,0.00,'SHOW','10',NULL),(18,'RINGS','','',166000.00,8500.00,0.00,'','','',1,'6018','0',0,40,0.00,'SHOW','20',NULL),(19,'PLASTIC RING','','',65000.00,6500.00,0.00,'','','',1,'6019','0',0,40,0.00,'SHOW','10',NULL),(20,'NAILS','','',25000.00,500.00,0.00,'','','',1,'6020','0',0,40,0.00,'SHOW','50',NULL),(21,'SMALL ROPE ','','',250000.00,2500.00,0.00,'',' ','',1,'6021','0',0,40,0.00,'SHOW','100',NULL),(22,'MEDIUM ROPE','','',400000.00,4000.00,0.00,'','','',1,'6022','0',0,40,0.00,'SHOW','100',NULL),(23,'BIG ROPE','','',500000.00,5000.00,0.00,'','','',1,'6023','0',0,40,0.00,'SHOW','100',NULL),(24,'BIG RING TAPE  ','','',120000.00,4000.00,0.00,'',' ','',1,'6024','0',0,40,0.00,'SHOW','30',NULL),(25,'SMALL RING TAPE','','',105000.00,3500.00,0.00,'','','',1,'6025','0',0,40,0.00,'SHOW','30',NULL),(26,'NORMAL TAPE','','',70000.00,3500.00,0.00,'','','',1,'6026','0',0,40,0.00,'SHOW','20',NULL),(27,'FLOWER DAMASK','','',213330.00,2400.00,0.00,'','','',1,'6027','0',0,40,0.00,'SHOW','97',NULL),(28,'GRACE FEED GROWER','','',16500.00,800.00,15000.00,'','','',1,'6028','0',0,32,0.00,'SHOW','25',NULL),(29,'AMO GROWER  PELLET 25KG','','',17500.00,800.00,16800.00,'','','',1,'6029','0',0,32,0.00,'SHOW','25',NULL);
/*!40000 ALTER TABLE `products1` ENABLE KEYS */;
UNLOCK TABLES;

--
-- Table structure for table `store`
--

DROP TABLE IF EXISTS `store`;
/*!40101 SET @saved_cs_client     = @@character_set_client */;
/*!50503 SET character_set_client = utf8mb4 */;
CREATE TABLE `store` (
  `id` int NOT NULL AUTO_INCREMENT,
  `user_id` int DEFAULT NULL,
  `store_name` varchar(250) DEFAULT NULL,
  `city` varchar(250) DEFAULT NULL,
  `address` text,
  `state` varchar(250) DEFAULT NULL,
  `country` varchar(250) DEFAULT NULL,
  `store_code` varchar(250) DEFAULT NULL,
  PRIMARY KEY (`id`)
) ENGINE=InnoDB AUTO_INCREMENT=2 DEFAULT CHARSET=latin1;
/*!40101 SET character_set_client = @saved_cs_client */;

--
-- Dumping data for table `store`
--

LOCK TABLES `store` WRITE;
/*!40000 ALTER TABLE `store` DISABLE KEYS */;
INSERT INTO `store` VALUES (1,1,'GBAGI BRANCH','Ibadan','Shop 17 &18 Block A 1st Gate (5x10) New Ife Road, Bola Ige Intl Market, New Gbagi Ibadan.','Oyo','Nigeria','206001');
/*!40000 ALTER TABLE `store` ENABLE KEYS */;
UNLOCK TABLES;

--
-- Table structure for table `tblbackuptime`
--

DROP TABLE IF EXISTS `tblbackuptime`;
/*!40101 SET @saved_cs_client     = @@character_set_client */;
/*!50503 SET character_set_client = utf8mb4 */;
CREATE TABLE `tblbackuptime` (
  `id` int NOT NULL AUTO_INCREMENT,
  `bk_Dated` varchar(50) DEFAULT NULL,
  PRIMARY KEY (`id`)
) ENGINE=MyISAM AUTO_INCREMENT=2 DEFAULT CHARSET=utf8mb4 COLLATE=utf8mb4_0900_ai_ci;
/*!40101 SET character_set_client = @saved_cs_client */;

--
-- Dumping data for table `tblbackuptime`
--

LOCK TABLES `tblbackuptime` WRITE;
/*!40000 ALTER TABLE `tblbackuptime` DISABLE KEYS */;
INSERT INTO `tblbackuptime` VALUES (1,'2026-03-31T17:14:20.043Z');
/*!40000 ALTER TABLE `tblbackuptime` ENABLE KEYS */;
UNLOCK TABLES;

--
-- Table structure for table `tblledger`
--

DROP TABLE IF EXISTS `tblledger`;
/*!40101 SET @saved_cs_client     = @@character_set_client */;
/*!50503 SET character_set_client = utf8mb4 */;
CREATE TABLE `tblledger` (
  `id` int NOT NULL AUTO_INCREMENT,
  `legder_name` varchar(35) NOT NULL,
  `account_number` varchar(11) NOT NULL,
  `ledger_type` varchar(35) NOT NULL,
  PRIMARY KEY (`id`)
) ENGINE=InnoDB AUTO_INCREMENT=16 DEFAULT CHARSET=latin1;
/*!40101 SET character_set_client = @saved_cs_client */;

--
-- Dumping data for table `tblledger`
--

LOCK TABLES `tblledger` WRITE;
/*!40000 ALTER TABLE `tblledger` DISABLE KEYS */;
INSERT INTO `tblledger` VALUES (1,'PURCHASES','10001','CA'),(2,'SALES ','10002','CA'),(3,'RI ','10003','CA'),(4,'RO ','10004','CA'),(5,'CASH','10005','CA'),(6,'BANK','10006','CA'),(7,'EXPENSES ','10007','CA'),(8,'ASSET ','10008','CA'),(9,'LIABILITIES ','10009','CA'),(11,'COMMISSION ','10011','CA'),(12,'SALARY ','10012','CA'),(13,'CAPITAL','10013','CA'),(14,'OTHER INCOME','10014','CA'),(15,'STOCKIN','10015','CA');
/*!40000 ALTER TABLE `tblledger` ENABLE KEYS */;
UNLOCK TABLES;

--
-- Table structure for table `tbltimes`
--

DROP TABLE IF EXISTS `tbltimes`;
/*!40101 SET @saved_cs_client     = @@character_set_client */;
/*!50503 SET character_set_client = utf8mb4 */;
CREATE TABLE `tbltimes` (
  `ID` int NOT NULL AUTO_INCREMENT,
  `Dated` varchar(50) NOT NULL,
  `Year` varchar(50) NOT NULL,
  `Quarter` varchar(50) NOT NULL,
  `Month_Name` varchar(50) NOT NULL,
  `Day_Name` varchar(50) NOT NULL,
  `Is_Week_End` varchar(50) NOT NULL,
  `Is_Month_End` varchar(50) NOT NULL,
  `is_working_days` varchar(50) NOT NULL,
  `Month_Num` varchar(5) NOT NULL,
  PRIMARY KEY (`ID`)
) ENGINE=MyISAM AUTO_INCREMENT=31 DEFAULT CHARSET=latin1;
/*!40101 SET character_set_client = @saved_cs_client */;

--
-- Dumping data for table `tbltimes`
--

LOCK TABLES `tbltimes` WRITE;
/*!40000 ALTER TABLE `tbltimes` DISABLE KEYS */;
INSERT INTO `tbltimes` VALUES (1,'2026-03-17','2026','1st Quarter','03 March','Tuesday','NO','NO','YES','03'),(2,'2026-03-17','2026','1st Quarter','03 March','Tuesday','NO','NO','YES','03'),(3,'2026-03-17','2026','1st Quarter','03 March','Tuesday','NO','NO','YES','03'),(4,'2026-03-17','2026','1st Quarter','03 March','Tuesday','NO','NO','YES','03'),(5,'2026-03-18','2026','1st Quarter','03 March','Wednesday','NO','NO','YES','03'),(6,'2026-03-18','2026','1st Quarter','03 March','Wednesday','NO','NO','YES','03'),(7,'2026-03-18','2026','1st Quarter','03 March','Wednesday','NO','NO','YES','03'),(8,'2026-03-18','2026','1st Quarter','03 March','Wednesday','NO','NO','YES','03'),(9,'2026-03-18','2026','1st Quarter','03 March','Wednesday','NO','NO','YES','03'),(10,'2026-03-18','2026','1st Quarter','03 March','Wednesday','NO','NO','YES','03'),(11,'2026-03-18','2026','1st Quarter','03 March','Wednesday','NO','NO','YES','03'),(12,'2026-03-18','2026','1st Quarter','03 March','Wednesday','NO','NO','YES','03'),(13,'2026-03-18','2026','1st Quarter','03 March','Wednesday','NO','NO','YES','03'),(14,'2026-03-18','2026','1st Quarter','03 March','Wednesday','NO','NO','YES','03'),(15,'2026-03-18','2026','1st Quarter','03 March','Wednesday','NO','NO','YES','03'),(16,'2026-03-18','2026','1st Quarter','03 March','Wednesday','NO','NO','YES','03'),(17,'2026-03-18','2026','1st Quarter','03 March','Wednesday','NO','NO','YES','03'),(18,'2026-03-29','2026','1st Quarter','03 March','Sunday','YES','NO','NO','03'),(19,'2026-03-29','2026','1st Quarter','03 March','Sunday','YES','NO','NO','03'),(20,'2026-03-29','2026','1st Quarter','03 March','Sunday','YES','NO','NO','03'),(21,'2026-03-29','2026','1st Quarter','03 March','Sunday','YES','NO','NO','03'),(22,'2026-03-29','2026','1st Quarter','03 March','Sunday','YES','NO','NO','03'),(23,'2026-03-29','2026','1st Quarter','03 March','Sunday','YES','NO','NO','03'),(24,'2026-03-31','2026','1st Quarter','03 March','Tuesday','NO','YES','YES','03'),(25,'2026-03-31','2026','1st Quarter','03 March','Tuesday','NO','YES','YES','03'),(26,'2026-03-31','2026','1st Quarter','03 March','Tuesday','NO','YES','YES','03'),(27,'2026-03-31','2026','1st Quarter','03 March','Tuesday','NO','YES','YES','03'),(28,'2026-03-31','2026','1st Quarter','03 March','Tuesday','NO','YES','YES','03'),(29,'2026-03-31','2026','1st Quarter','03 March','Tuesday','NO','YES','YES','03'),(30,'2026-03-31','2026','1st Quarter','03 March','Tuesday','NO','YES','YES','03');
/*!40000 ALTER TABLE `tbltimes` ENABLE KEYS */;
UNLOCK TABLES;

--
-- Table structure for table `tblusers`
--

DROP TABLE IF EXISTS `tblusers`;
/*!40101 SET @saved_cs_client     = @@character_set_client */;
/*!50503 SET character_set_client = utf8mb4 */;
CREATE TABLE `tblusers` (
  `id` int NOT NULL AUTO_INCREMENT,
  `acct_type` varchar(255) CHARACTER SET utf8mb4 COLLATE utf8mb4_0900_ai_ci DEFAULT NULL,
  `surname` varchar(255) DEFAULT NULL,
  `othername` varchar(255) DEFAULT NULL,
  `email` varchar(255) DEFAULT NULL,
  `phone` varchar(255) DEFAULT NULL,
  `acct_no` varchar(255) DEFAULT NULL,
  `User_Name` varchar(255) DEFAULT NULL,
  `PassWord` varchar(255) DEFAULT NULL,
  `position` varchar(255) DEFAULT NULL,
  `IsActive` varchar(255) DEFAULT NULL,
  `ISLogin` varchar(255) DEFAULT NULL,
  `Date_Last_Login` varchar(255) DEFAULT NULL,
  `Time_Last_Login` varchar(255) DEFAULT NULL,
  `Date_Last_Modified` varchar(255) DEFAULT NULL,
  `Date_Last_LogOut` varchar(255) DEFAULT NULL,
  `store_id` int DEFAULT NULL,
  `gender` varchar(255) DEFAULT NULL,
  `store_name` varchar(255) DEFAULT NULL,
  `createdAt` varchar(255) DEFAULT NULL,
  `Token` varchar(255) DEFAULT NULL,
  `reg_date` varchar(20) DEFAULT NULL,
  `state` varchar(255) DEFAULT NULL,
  `local_gvt` varchar(255) DEFAULT NULL,
  `country` varchar(255) DEFAULT NULL,
  `isVeri` varchar(3) DEFAULT NULL,
  PRIMARY KEY (`id`)
) ENGINE=InnoDB AUTO_INCREMENT=41 DEFAULT CHARSET=utf8mb4 COLLATE=utf8mb4_0900_ai_ci;
/*!40101 SET character_set_client = @saved_cs_client */;

--
-- Dumping data for table `tblusers`
--

LOCK TABLES `tblusers` WRITE;
/*!40000 ALTER TABLE `tblusers` DISABLE KEYS */;
INSERT INTO `tblusers` VALUES (19,'STAFF','MOSHOOD','DEMOLA','show12@gmail.com','09077553204','190119','','151','USER','YES','NO','2024-10-07T22:39:29.399Z','2024-10-07T22:39:29.399Z','2025-03-20','2024-10-07T22:39:29.399Z',1,'MALE','MO+BABAS','2024-10-07T22:39:29.399Z','630','2024-10-07','OYO','EGBEDA','NIGERIA',NULL),(30,'STAFF','MUIZZ','AYOMIDE','hikky@gmail.com','09033021009','190130','SHOWTECH','a','ADMIN','YES','NO','2025-01-12T23:33:13.468Z','2025-01-12T23:33:13.468Z','2025-01-12T23:33:13.468Z','2025-01-12T23:33:13.468Z',1,'MALE','GREENHEYS CREDIT','2025-01-12T23:33:13.468Z','77','2025-01-13','','','','NO'),(31,'STAFF','ADEWALE ','MARIAM','mariam@gmail.co','09033664477','190131','MARIAM','12345678','ADMIN','YES','NO','2025-02-13T00:04:54.522Z','2025-02-13T00:04:54.522Z','2025-11-26','2025-02-13T00:04:54.522Z',1,'MALE','GREENHEYS CREDIT','2025-02-13T00:04:54.522Z','280','2025-02-13','','','','NO'),(32,'STAFF','ADEQQ','ABASS','adebass@gmail.com','09088776543','190132','DSFS','12345678','CASHIER','YES','NO','2025-02-13T00:09:18.427Z','2025-02-13T00:09:18.427Z','2025-11-26','2025-02-13T00:09:18.427Z',1,'FEMALE','GREENHEYS CREDIT','2025-02-13T00:09:18.427Z','6899','2025-02-13','','','','NO'),(35,'STAFF','ADEBINPE','SHADE','shade@gmail.co','09090334433','190135','DFAD','33eessdd','USER','YES','NO','2025-11-25T15:25:48.294Z','2025-11-25T15:25:48.294Z','2025-11-26','2025-11-25T15:25:48.294Z',1,'MALE','GREENHEYS CREDIT','2025-11-25T15:25:48.294Z','793','2025-11-25','','','','NO'),(36,'STAFF','DSD','SDSD','ade@gmail.com','09033223322','190136','SDS','12345678','USER','YES','NO','2025-11-26T12:07:06.767Z','2025-11-26T12:07:06.767Z','2026-02-12','2025-11-26T12:07:06.767Z',1,'MALE','GREENHEYS CREDIT','2025-11-26T12:07:06.767Z','7310','2025-11-26','','','','NO'),(37,'STAFF','SDF','ASD','afs@gmail.com','09033447845','190137','ASDF','12345678','CASHIER','YES','NO','2025-12-02T12:27:16.087Z','2025-12-02T12:27:16.087Z','2025-12-02','2025-12-02T12:27:16.087Z',1,'MALE','GREENHEYS CREDIT','2025-12-02T12:27:16.087Z','78','2025-12-02','','','','NO'),(38,'STAFF','ASD','ASD','asd@gmail.com','09033447432','190138','ASD','22222222','USER','YES','NO','2025-12-02T12:33:32.411Z','2025-12-02T12:33:32.411Z','2025-12-02T12:33:32.411Z','2025-12-02T12:33:32.411Z',1,'MALE','GREENHEYS CREDIT','2025-12-02T12:33:32.411Z','9605','2025-12-02','','','','NO'),(40,'STAFF','OLALERE','MALIK','olalere345@gmail.com','09040453576','190140','UNBOTHERED','2477ola@#$%','ADMIN','YES','NO','2026-03-03T14:45:11.394Z','2026-03-03T14:45:11.394Z','2026-03-03T14:45:11.394Z','2026-03-03T14:45:11.394Z',1,'MALE','GREENHEYS CREDIT','2026-03-03T14:45:11.394Z','4254','2026-03-03','','','','NO');
/*!40000 ALTER TABLE `tblusers` ENABLE KEYS */;
UNLOCK TABLES;

--
-- Table structure for table `transactions`
--

DROP TABLE IF EXISTS `transactions`;
/*!40101 SET @saved_cs_client     = @@character_set_client */;
/*!50503 SET character_set_client = utf8mb4 */;
CREATE TABLE `transactions` (
  `ID` int NOT NULL AUTO_INCREMENT,
  `Dated` varchar(50) NOT NULL,
  `Description` text NOT NULL,
  `PersonID` int NOT NULL,
  `type` varchar(5) NOT NULL,
  `Discount` decimal(11,2) DEFAULT NULL,
  `vatAmt` decimal(11,2) DEFAULT NULL,
  `Debit_Amt` decimal(11,2) NOT NULL,
  `Credit_Amt` decimal(11,2) NOT NULL,
  `Balance_Amt` decimal(11,2) NOT NULL,
  `CA_ID` int NOT NULL,
  `UserID` int NOT NULL,
  `ledger_id` varchar(11) DEFAULT NULL,
  `Date_Last_Modified` varchar(50) DEFAULT NULL,
  `Month` varchar(20) DEFAULT NULL,
  `DateID` int DEFAULT NULL,
  `str_id` int DEFAULT NULL,
  `trans_id` varchar(20) DEFAULT NULL,
  `ord_id` int DEFAULT NULL,
  PRIMARY KEY (`ID`)
) ENGINE=InnoDB AUTO_INCREMENT=87 DEFAULT CHARSET=utf8mb3;
/*!40101 SET character_set_client = @saved_cs_client */;

--
-- Dumping data for table `transactions`
--

LOCK TABLES `transactions` WRITE;
/*!40000 ALTER TABLE `transactions` DISABLE KEYS */;
INSERT INTO `transactions` VALUES (1,'2026-03-17','Stock In',19,'PA',0.00,0.00,0.00,78000.00,-78000.00,0,30,'15','2026-03-17','03',1,1,'100001',0),(2,'2026-03-17','Puchase Ledger Stock In ',1,'CA',0.00,0.00,78000.00,0.00,78000.00,0,30,'1','2026-03-17','03',1,1,'100002',0),(3,'2026-03-17','Stock In',19,'PA',0.00,0.00,0.00,16830.00,-16830.00,0,30,'15','2026-03-17','03',2,1,'100003',0),(4,'2026-03-17','Puchase Ledger Stock In ',1,'CA',0.00,0.00,16830.00,0.00,16830.00,0,30,'1','2026-03-17','03',2,1,'100004',0),(5,'2026-03-17','Stock In',19,'PA',0.00,0.00,0.00,68000.00,-68000.00,0,30,'15','2026-03-17','03',3,1,'100005',0),(6,'2026-03-17','Puchase Ledger Stock In ',1,'CA',0.00,0.00,68000.00,0.00,68000.00,0,30,'1','2026-03-17','03',3,1,'100006',0),(7,'2026-03-17','Stock In',19,'PA',0.00,0.00,0.00,19980.00,-19980.00,0,30,'15','2026-03-17','03',4,1,'100007',0),(8,'2026-03-17','Puchase Ledger Stock In ',1,'CA',0.00,0.00,19980.00,0.00,19980.00,0,30,'1','2026-03-17','03',4,1,'100008',0),(9,'2026-03-18','Stock In',19,'PA',0.00,0.00,0.00,5600.00,-5600.00,0,30,'15','2026-03-18','03',5,1,'100009',0),(10,'2026-03-18','Puchase Ledger Stock In ',1,'CA',0.00,0.00,5600.00,0.00,5600.00,0,30,'1','2026-03-18','03',5,1,'100010',0),(11,'2026-03-18','Stock In',19,'PA',0.00,0.00,0.00,8250.00,-8250.00,0,30,'15','2026-03-18','03',6,1,'100011',0),(12,'2026-03-18','Puchase Ledger Stock In ',1,'CA',0.00,0.00,8250.00,0.00,8250.00,0,30,'1','2026-03-18','03',6,1,'100012',0),(13,'2026-03-18','Stock In',19,'PA',0.00,0.00,0.00,21000.00,-21000.00,0,30,'15','2026-03-18','03',7,1,'100013',0),(14,'2026-03-18','Puchase Ledger Stock In ',1,'CA',0.00,0.00,21000.00,0.00,21000.00,0,30,'1','2026-03-18','03',7,1,'100014',0),(15,'2026-03-18','Stock In',19,'PA',0.00,0.00,0.00,2750.00,-2750.00,0,30,'15','2026-03-18','03',8,1,'100015',0),(16,'2026-03-18','Puchase Ledger Stock In ',1,'CA',0.00,0.00,2750.00,0.00,2750.00,0,30,'1','2026-03-18','03',8,1,'100016',0),(17,'2026-03-18','Stock In',19,'PA',0.00,0.00,0.00,17000.00,-17000.00,0,30,'15','2026-03-18','03',9,1,'100017',0),(18,'2026-03-18','Puchase Ledger Stock In ',1,'CA',0.00,0.00,17000.00,0.00,17000.00,0,30,'1','2026-03-18','03',9,1,'100018',0),(19,'2026-03-18','Stock In',19,'PA',0.00,0.00,0.00,20000.00,-20000.00,0,30,'15','2026-03-18','03',10,1,'100019',0),(20,'2026-03-18','Puchase Ledger Stock In ',1,'CA',0.00,0.00,20000.00,0.00,20000.00,0,30,'1','2026-03-18','03',10,1,'100020',0),(21,'2026-03-18','Stock In',19,'PA',0.00,0.00,0.00,0.00,0.00,0,30,'15','2026-03-18','03',11,1,'100021',0),(22,'2026-03-18','Puchase Ledger Stock In ',1,'CA',0.00,0.00,0.00,0.00,0.00,0,30,'1','2026-03-18','03',11,1,'100022',0),(23,'2026-03-18','Stock In',19,'PA',0.00,0.00,0.00,0.00,0.00,0,30,'15','2026-03-18','03',12,1,'100023',0),(24,'2026-03-18','Puchase Ledger Stock In ',1,'CA',0.00,0.00,0.00,0.00,0.00,0,30,'1','2026-03-18','03',12,1,'100024',0),(25,'2026-03-18','Stock In',19,'PA',0.00,0.00,0.00,34000.00,-34000.00,0,30,'15','2026-03-18','03',13,1,'100025',0),(26,'2026-03-18','Puchase Ledger Stock In ',1,'CA',0.00,0.00,34000.00,0.00,34000.00,0,30,'1','2026-03-18','03',13,1,'100026',0),(27,'2026-03-18','Sold to  CASH SALES On Credit ',20,'PA',0.00,0.00,8520.00,0.00,8520.00,0,30,'2','2026-03-18','03',14,1,'100027',0),(28,'2026-03-18','Sales Ledger Debited For CASH SALES',2,'CA',0.00,0.00,0.00,8520.00,-8520.00,0,30,'2','2026-03-18','03',14,1,'100028',0),(29,'2026-03-18','Cash Paid By CASH SALES Via CASH ACCOUNT',5,'CA',0.00,0.00,8520.00,0.00,8520.00,5,30,'5','2026-03-18','03',14,1,'100029',0),(30,'2026-03-18','Cash Paid By CASH SALES Via CASH ACCOUNT',20,'PA',0.00,0.00,0.00,8520.00,-8520.00,0,30,'5','2026-03-18','03',14,1,'100030',0),(31,'2026-03-18','Stock In',19,'PA',0.00,0.00,0.00,60000.00,-60000.00,0,30,'15','2026-03-18','03',15,1,'100031',0),(32,'2026-03-18','Puchase Ledger Stock In ',1,'CA',0.00,0.00,60000.00,0.00,60000.00,0,30,'1','2026-03-18','03',15,1,'100032',0),(33,'2026-03-18','Sold to  CASH SALES On Credit ',20,'PA',100.00,0.00,1260.00,0.00,1260.00,0,30,'2','2026-03-18','03',16,1,'100033',0),(34,'2026-03-18','Sales Ledger Debited For CASH SALES',2,'CA',100.00,0.00,0.00,1260.00,-1260.00,0,30,'2','2026-03-18','03',16,1,'100034',0),(35,'2026-03-18','Cash Paid By CASH SALES Via CASH ACCOUNT',5,'CA',0.00,0.00,1260.00,0.00,1260.00,5,30,'5','2026-03-18','03',16,1,'100035',0),(36,'2026-03-18','Cash Paid By CASH SALES Via CASH ACCOUNT',20,'PA',0.00,0.00,0.00,1260.00,-1260.00,0,30,'5','2026-03-18','03',16,1,'100036',0),(37,'2026-03-18','Sold to  CASH SALES On Credit ',20,'PA',0.00,0.00,4000.00,0.00,4000.00,0,30,'2','2026-03-18','03',17,1,'100037',0),(38,'2026-03-18','Sales Ledger Debited For CASH SALES',2,'CA',0.00,0.00,0.00,4000.00,-4000.00,0,30,'2','2026-03-18','03',17,1,'100038',0),(39,'2026-03-18','Cash Paid By CASH SALES Via CASH ACCOUNT',5,'CA',0.00,0.00,4000.00,0.00,4000.00,5,30,'5','2026-03-18','03',17,1,'100039',0),(40,'2026-03-18','Cash Paid By CASH SALES Via CASH ACCOUNT',20,'PA',0.00,0.00,0.00,4000.00,-4000.00,0,30,'5','2026-03-18','03',17,1,'100040',0),(41,'2026-03-29','Sold to  CASH SALES On Credit ',20,'PA',0.00,0.00,4000.00,0.00,4000.00,0,30,'2','2026-03-29','03',18,1,'100041',0),(42,'2026-03-29','Sales Ledger Debited For CASH SALES',2,'CA',0.00,0.00,0.00,4000.00,-4000.00,0,30,'2','2026-03-29','03',18,1,'100042',0),(43,'2026-03-29','Cash Paid By CASH SALES Via CASH ACCOUNT',5,'CA',0.00,0.00,4000.00,0.00,4000.00,5,30,'5','2026-03-29','03',18,1,'100043',0),(44,'2026-03-29','Cash Paid By CASH SALES Via CASH ACCOUNT',20,'PA',0.00,0.00,0.00,4000.00,-4000.00,0,30,'5','2026-03-29','03',18,1,'100044',0),(45,'2026-03-29','Stock In',19,'PA',0.00,0.00,0.00,0.00,0.00,0,30,'15','2026-03-29','03',19,1,'100045',0),(46,'2026-03-29','Puchase Ledger Stock In ',1,'CA',0.00,0.00,0.00,0.00,0.00,0,30,'1','2026-03-29','03',19,1,'100046',0),(47,'2026-03-29','Sold to  mama ayo On Credit ',108,'PA',0.00,0.00,750.00,0.00,750.00,0,30,'2','2026-03-29','03',20,1,'100047',0),(48,'2026-03-29','Sales Ledger Debited For mama ayo',2,'CA',0.00,0.00,0.00,750.00,-750.00,0,30,'2','2026-03-29','03',20,1,'100048',0),(49,'2026-03-29','Cash Paid By mama ayo Via CASH ACCOUNT',5,'CA',0.00,0.00,550.00,0.00,550.00,5,30,'5','2026-03-29','03',20,1,'100049',0),(50,'2026-03-29','Cash Paid By mama ayo Via CASH ACCOUNT',108,'PA',0.00,0.00,0.00,550.00,-550.00,0,30,'5','2026-03-29','03',20,1,'100050',0),(51,'2026-03-29','Cash Paid By mama ayo Via FIRST BANK',95,'CA',0.00,0.00,200.00,0.00,200.00,6,30,'6','2026-03-29','03',20,1,'100051',0),(52,'2026-03-29','Cash Paid By mama ayo Via FIRST BANK',108,'PA',0.00,0.00,0.00,200.00,-200.00,0,30,'6','2026-03-29','03',20,1,'100052',0),(53,'2026-03-29','Sold to  CASH SALES On Credit ',20,'PA',0.00,0.00,3000.00,0.00,3000.00,0,30,'2','2026-03-29','03',21,1,'100053',0),(54,'2026-03-29','Sales Ledger Debited For CASH SALES',2,'CA',0.00,0.00,0.00,3000.00,-3000.00,0,30,'2','2026-03-29','03',21,1,'100054',0),(55,'2026-03-29','Cash Paid By CASH SALES Via CASH ACCOUNT',5,'CA',0.00,0.00,1500.00,0.00,1500.00,5,30,'5','2026-03-29','03',21,1,'100055',0),(56,'2026-03-29','Cash Paid By CASH SALES Via CASH ACCOUNT',20,'PA',0.00,0.00,0.00,1500.00,-1500.00,0,30,'5','2026-03-29','03',21,1,'100056',0),(57,'2026-03-29','Remove from CASH ACCOUNT wallet Account to OPERATION COST Account - fuel',5,'CA',0.00,0.00,0.00,5000.00,-5000.00,5,30,'5','2026-03-29','03',22,1,'100057',0),(58,'2026-03-29','Remove from CASH ACCOUNT wallet Account to OPERATION COST Account - fuel',14,'CA',0.00,0.00,5000.00,0.00,5000.00,14,30,'7','2026-03-29','03',22,1,'100058',0),(59,'2026-03-29','Cash paid by CASH SALES via CASH ACCOUNT - debt pay',5,'CA',0.00,0.00,1500.00,0.00,1500.00,5,30,'5','2026-03-29','03',23,1,'100059',0),(60,'2026-03-29','Cash paid by CASH SALES via CASH ACCOUNT - debt pay',20,'PA',0.00,0.00,0.00,1500.00,-1500.00,5,30,'5','2026-03-29','03',23,1,'100060',0),(61,'2026-03-31','Sold to  CASH SALES On Credit ',20,'PA',0.00,0.00,460.00,0.00,460.00,0,30,'2','2026-03-31','03',24,1,'100061',0),(62,'2026-03-31','Sales Ledger Debited For CASH SALES',2,'CA',0.00,0.00,0.00,460.00,-460.00,0,30,'2','2026-03-31','03',24,1,'100062',0),(63,'2026-03-31','Cash Paid By CASH SALES Via CASH ACCOUNT',5,'CA',0.00,0.00,460.00,0.00,460.00,5,30,'5','2026-03-31','03',24,1,'100063',0),(64,'2026-03-31','Cash Paid By CASH SALES Via CASH ACCOUNT',20,'PA',0.00,0.00,0.00,460.00,-460.00,0,30,'5','2026-03-31','03',24,1,'100064',0),(65,'2026-03-31','Sold to  CASH SALES On Credit ',20,'PA',0.00,0.00,28000.00,0.00,28000.00,0,30,'2','2026-03-31','03',25,1,'100065',0),(66,'2026-03-31','Sales Ledger Debited For CASH SALES',2,'CA',0.00,0.00,0.00,28000.00,-28000.00,0,30,'2','2026-03-31','03',25,1,'100066',0),(67,'2026-03-31','Cash Paid By CASH SALES Via CASH ACCOUNT',5,'CA',0.00,0.00,28000.00,0.00,28000.00,5,30,'5','2026-03-31','03',25,1,'100067',0),(68,'2026-03-31','Cash Paid By CASH SALES Via CASH ACCOUNT',20,'PA',0.00,0.00,0.00,28000.00,-28000.00,0,30,'5','2026-03-31','03',25,1,'100068',0),(69,'2026-03-31','Sold to  CASH SALES On Credit ',20,'PA',0.00,0.00,460.00,0.00,460.00,0,30,'2','2026-03-31','03',26,1,'100069',0),(70,'2026-03-31','Sales Ledger Debited For CASH SALES',2,'CA',0.00,0.00,0.00,460.00,-460.00,0,30,'2','2026-03-31','03',26,1,'100070',0),(71,'2026-03-31','Cash Paid By CASH SALES Via CASH ACCOUNT',5,'CA',0.00,0.00,460.00,0.00,460.00,5,30,'5','2026-03-31','03',26,1,'100071',0),(72,'2026-03-31','Cash Paid By CASH SALES Via CASH ACCOUNT',20,'PA',0.00,0.00,0.00,460.00,-460.00,0,30,'5','2026-03-31','03',26,1,'100072',0),(73,'2026-03-31','Sold to  CASH SALES On Credit ',20,'PA',0.00,0.00,460.00,0.00,460.00,0,30,'2','2026-03-31','03',27,1,'100073',0),(74,'2026-03-31','Sales Ledger Debited For CASH SALES',2,'CA',0.00,0.00,0.00,460.00,-460.00,0,30,'2','2026-03-31','03',27,1,'100074',0),(75,'2026-03-31','Cash Paid By CASH SALES Via CASH ACCOUNT',5,'CA',0.00,0.00,460.00,0.00,460.00,5,30,'5','2026-03-31','03',27,1,'100075',0),(76,'2026-03-31','Cash Paid By CASH SALES Via CASH ACCOUNT',20,'PA',0.00,0.00,0.00,460.00,-460.00,0,30,'5','2026-03-31','03',27,1,'100076',0),(77,'2026-03-31','Sold to  CASH SALES On Credit ',20,'PA',0.00,0.00,6000.00,0.00,6000.00,0,30,'2','2026-03-31','03',28,1,'100077',0),(78,'2026-03-31','Sales Ledger Debited For CASH SALES',2,'CA',0.00,0.00,0.00,6000.00,-6000.00,0,30,'2','2026-03-31','03',28,1,'100078',0),(79,'2026-03-31','Cash Paid By CASH SALES Via CASH ACCOUNT',5,'CA',0.00,0.00,6000.00,0.00,6000.00,5,30,'5','2026-03-31','03',28,1,'100079',0),(80,'2026-03-31','Cash Paid By CASH SALES Via CASH ACCOUNT',20,'PA',0.00,0.00,0.00,6000.00,-6000.00,0,30,'5','2026-03-31','03',28,1,'100080',0),(81,'2026-03-31','Sold to  CASH SALES On Credit ',20,'PA',0.00,0.00,460.00,0.00,460.00,0,30,'2','2026-03-31','03',29,1,'100081',0),(82,'2026-03-31','Sales Ledger Debited For CASH SALES',2,'CA',0.00,0.00,0.00,460.00,-460.00,0,30,'2','2026-03-31','03',29,1,'100082',0),(83,'2026-03-31','Cash Paid By CASH SALES Via CASH ACCOUNT',5,'CA',0.00,0.00,460.00,0.00,460.00,5,30,'5','2026-03-31','03',29,1,'100083',0),(84,'2026-03-31','Cash Paid By CASH SALES Via CASH ACCOUNT',20,'PA',0.00,0.00,0.00,460.00,-460.00,0,30,'5','2026-03-31','03',29,1,'100084',0),(85,'2026-03-31','Stock In',19,'PA',0.00,0.00,0.00,0.00,0.00,0,30,'15','2026-03-31','03',30,1,'100085',0),(86,'2026-03-31','Puchase Ledger Stock In ',1,'CA',0.00,0.00,0.00,0.00,0.00,0,30,'1','2026-03-31','03',30,1,'100086',0);
/*!40000 ALTER TABLE `transactions` ENABLE KEYS */;
UNLOCK TABLES;
/*!40103 SET TIME_ZONE=@OLD_TIME_ZONE */;

/*!40101 SET SQL_MODE=@OLD_SQL_MODE */;
/*!40014 SET FOREIGN_KEY_CHECKS=@OLD_FOREIGN_KEY_CHECKS */;
/*!40014 SET UNIQUE_CHECKS=@OLD_UNIQUE_CHECKS */;
/*!40101 SET CHARACTER_SET_CLIENT=@OLD_CHARACTER_SET_CLIENT */;
/*!40101 SET CHARACTER_SET_RESULTS=@OLD_CHARACTER_SET_RESULTS */;
/*!40101 SET COLLATION_CONNECTION=@OLD_COLLATION_CONNECTION */;
/*!40111 SET SQL_NOTES=@OLD_SQL_NOTES */;

-- Dump completed on 2026-03-31 18:15:03
